Year,County,BU / ACRE
1950,AITKIN,15.0
1950,ANOKA,28.0
1950,BECKER,26.0
1950,BELTRAMI,21.0
1950,BENTON,21.0
1950,BIG STONE,37.0
1950,BLUE EARTH,50.0
1950,BROWN,46.0
1950,CARLTON,15.0
1950,CARVER,50.0
1950,CASS,18.0
1950,CHIPPEWA,36.0
1950,CHISAGO,25.0
1950,CLAY,28.0
1950,CLEARWATER,22.0
1950,COTTONWOOD,44.0
1950,CROW WING,15.0
1950,DOUGLAS,32.0
1950,FARIBAULT,46.0
1950,FREEBORN,46.0
1950,GRANT,32.0
1950,HENNEPIN,43.0
1950,HUBBARD,18.0
1950,ISANTI,22.0
1950,ITASCA,20.0
1950,JACKSON,42.0
1950,KANABEC,15.0
1950,KANDIYOHI,40.0
1950,KITTSON,14.0
1950,KOOCHICHING,20.0
1950,LAC QUI PARLE,38.0
1950,LAKE OF THE WOODS,20.0
1950,LE SUEUR,46.0
1950,LINCOLN,32.0
1950,LYON,40.0
1950,MAHNOMEN,22.0
1950,MARSHALL,20.0
1950,MARTIN,44.0
1950,MCLEOD,45.0
1950,MEEKER,41.0
1950,MILLE LACS,18.0
1950,MORRISON,15.0
1950,MURRAY,41.0
1950,NICOLLET,49.0
1950,NOBLES,38.0
1950,NORMAN,25.0
1950,OTTER TAIL,30.0
1950,PENNINGTON,20.0
1950,PINE,20.0
1950,PIPESTONE,25.0
1950,POLK,30.0
1950,POPE,33.0
1950,RAMSEY,30.0
1950,RED LAKE,22.0
1950,REDWOOD,45.0
1950,RENVILLE,38.0
1950,RICE,50.0
1950,ROCK,33.0
1950,ROSEAU,15.0
1950,SCOTT,45.0
1950,SHERBURNE,15.0
1950,SIBLEY,45.0
1950,ST. LOUIS,20.0
1950,STEARNS,28.0
1950,STEELE,49.0
1950,STEVENS,28.0
1950,SWIFT,30.0
1950,TODD,28.0
1950,TRAVERSE,30.0
1950,WADENA,15.0
1950,WASECA,53.0
1950,WASHINGTON,40.0
1950,WATONWAN,45.0
1950,WILKIN,23.0
1950,WRIGHT,45.0
1950,YELLOW MEDICINE,35.0
1951,AITKIN,32.0
1951,ANOKA,40.0
1951,BECKER,29.0
1951,BELTRAMI,30.0
1951,BENTON,30.0
1951,BIG STONE,32.0
1951,BLUE EARTH,50.0
1951,BROWN,47.0
1951,CARLTON,28.0
1951,CARVER,55.0
1951,CASS,28.0
1951,CHIPPEWA,35.0
1951,CHISAGO,36.0
1951,CLAY,31.0
1951,CLEARWATER,29.0
1951,COTTONWOOD,39.0
1951,CROW WING,34.0
1951,DOUGLAS,33.0
1951,FARIBAULT,42.0
1951,FREEBORN,48.0
1951,GRANT,27.0
1951,HENNEPIN,44.0
1951,HUBBARD,25.0
1951,ISANTI,35.0
1951,ITASCA,28.0
1951,JACKSON,43.0
1951,KANABEC,40.0
1951,KANDIYOHI,37.0
1951,KITTSON,15.0
1951,KOOCHICHING,20.0
1951,LAC QUI PARLE,39.0
1951,LAKE OF THE WOODS,20.0
1951,LE SUEUR,48.0
1951,LINCOLN,30.0
1951,LYON,36.0
1951,MAHNOMEN,30.0
1951,MARSHALL,24.0
1951,MARTIN,43.0
1951,MCLEOD,46.0
1951,MEEKER,40.0
1951,MILLE LACS,50.0
1951,MORRISON,40.0
1951,MURRAY,27.0
1951,NICOLLET,51.0
1951,NOBLES,34.0
1951,NORMAN,28.0
1951,OTTER TAIL,35.0
1951,PENNINGTON,25.0
1951,PINE,29.0
1951,PIPESTONE,30.0
1951,POLK,28.0
1951,POPE,34.0
1951,RAMSEY,34.0
1951,RED LAKE,30.0
1951,REDWOOD,38.0
1951,RENVILLE,36.0
1951,RICE,50.0
1951,ROCK,38.0
1951,ROSEAU,15.0
1951,SCOTT,49.0
1951,SHERBURNE,25.0
1951,SIBLEY,45.0
1951,ST. LOUIS,29.0
1951,STEARNS,44.0
1951,STEELE,47.0
1951,STEVENS,30.0
1951,SWIFT,30.0
1951,TODD,37.0
1951,TRAVERSE,27.0
1951,WADENA,28.0
1951,WASECA,48.0
1951,WASHINGTON,46.0
1951,WATONWAN,41.0
1951,WILKIN,30.0
1951,WRIGHT,45.0
1951,YELLOW MEDICINE,39.0
1952,AITKIN,32.0
1952,ANOKA,46.0
1952,BECKER,38.0
1952,BELTRAMI,37.0
1952,BENTON,50.0
1952,BIG STONE,35.0
1952,BLUE EARTH,62.0
1952,BROWN,54.0
1952,CARLTON,25.0
1952,CARVER,64.0
1952,CASS,37.0
1952,CHIPPEWA,47.0
1952,CHISAGO,50.0
1952,CLAY,38.0
1952,CLEARWATER,37.0
1952,COTTONWOOD,51.0
1952,CROW WING,30.0
1952,DOUGLAS,46.0
1952,FARIBAULT,61.0
1952,FREEBORN,59.0
1952,GRANT,45.0
1952,HENNEPIN,57.0
1952,HUBBARD,37.0
1952,ISANTI,48.0
1952,ITASCA,37.0
1952,JACKSON,58.0
1952,KANABEC,47.0
1952,KANDIYOHI,48.0
1952,KITTSON,31.0
1952,KOOCHICHING,25.0
1952,LAC QUI PARLE,45.0
1952,LAKE OF THE WOODS,36.0
1952,LE SUEUR,59.0
1952,LINCOLN,38.0
1952,LYON,43.0
1952,MAHNOMEN,37.0
1952,MARSHALL,34.0
1952,MARTIN,62.0
1952,MCLEOD,60.0
1952,MEEKER,53.0
1952,MILLE LACS,45.0
1952,MORRISON,44.0
1952,MURRAY,41.0
1952,NICOLLET,62.0
1952,NOBLES,49.0
1952,NORMAN,32.0
1952,OTTER TAIL,43.0
1952,PENNINGTON,37.0
1952,PINE,43.0
1952,PIPESTONE,41.0
1952,POLK,37.0
1952,POPE,48.0
1952,RAMSEY,50.0
1952,RED LAKE,37.0
1952,REDWOOD,48.0
1952,RENVILLE,51.0
1952,RICE,57.0
1952,ROCK,45.0
1952,ROSEAU,34.0
1952,SCOTT,60.0
1952,SHERBURNE,38.0
1952,SIBLEY,54.0
1952,ST. LOUIS,34.0
1952,STEARNS,51.0
1952,STEELE,59.0
1952,STEVENS,43.0
1952,SWIFT,42.0
1952,TODD,48.0
1952,TRAVERSE,32.0
1952,WADENA,37.0
1952,WASECA,58.0
1952,WASHINGTON,52.0
1952,WATONWAN,55.0
1952,WILKIN,36.0
1952,WRIGHT,55.0
1952,YELLOW MEDICINE,45.0
1953,AITKIN,29.0
1953,ANOKA,44.0
1953,BECKER,42.0
1953,BELTRAMI,40.0
1953,BENTON,37.0
1953,BIG STONE,38.0
1953,BLUE EARTH,54.0
1953,BROWN,52.0
1953,CARLTON,31.0
1953,CARVER,59.0
1953,CASS,30.0
1953,CHIPPEWA,42.0
1953,CHISAGO,48.0
1953,CLAY,39.0
1953,CLEARWATER,32.0
1953,COTTONWOOD,52.0
1953,CROW WING,31.0
1953,DOUGLAS,41.0
1953,FARIBAULT,58.0
1953,FREEBORN,55.0
1953,GRANT,38.0
1953,HENNEPIN,48.0
1953,HUBBARD,32.0
1953,ISANTI,50.0
1953,ITASCA,35.0
1953,JACKSON,50.0
1953,KANABEC,46.0
1953,KANDIYOHI,43.0
1953,KITTSON,33.0
1953,KOOCHICHING,29.0
1953,LAC QUI PARLE,45.0
1953,LAKE OF THE WOODS,30.0
1953,LE SUEUR,55.0
1953,LINCOLN,46.0
1953,LYON,49.0
1953,MAHNOMEN,39.0
1953,MARSHALL,34.0
1953,MARTIN,53.0
1953,MCLEOD,58.0
1953,MEEKER,46.0
1953,MILLE LACS,49.0
1953,MORRISON,42.0
1953,MURRAY,53.0
1953,NICOLLET,49.0
1953,NOBLES,50.0
1953,NORMAN,36.0
1953,OTTER TAIL,37.0
1953,PENNINGTON,34.0
1953,PINE,39.0
1953,PIPESTONE,46.0
1953,POLK,38.0
1953,POPE,48.0
1953,RAMSEY,51.0
1953,RED LAKE,35.0
1953,REDWOOD,46.0
1953,RENVILLE,46.0
1953,RICE,55.0
1953,ROCK,49.0
1953,ROSEAU,32.0
1953,SCOTT,58.0
1953,SHERBURNE,38.0
1953,SIBLEY,48.0
1953,ST. LOUIS,28.0
1953,STEARNS,42.0
1953,STEELE,54.0
1953,STEVENS,40.0
1953,SWIFT,39.0
1953,TODD,43.0
1953,TRAVERSE,35.0
1953,WADENA,35.0
1953,WASECA,57.0
1953,WASHINGTON,55.0
1953,WATONWAN,52.0
1953,WILKIN,27.0
1953,WRIGHT,53.0
1953,YELLOW MEDICINE,42.0
1954,AITKIN,32.0
1954,ANOKA,42.0
1954,BECKER,35.0
1954,BELTRAMI,38.0
1954,BENTON,36.0
1954,BIG STONE,39.0
1954,BLUE EARTH,58.0
1954,BROWN,55.0
1954,CARLTON,35.0
1954,CARVER,63.0
1954,CASS,34.0
1954,CHIPPEWA,46.0
1954,CHISAGO,46.0
1954,CLAY,34.0
1954,CLEARWATER,37.0
1954,COTTONWOOD,56.0
1954,CROW WING,34.0
1954,DOUGLAS,41.0
1954,FARIBAULT,62.0
1954,FREEBORN,58.0
1954,GRANT,36.0
1954,HENNEPIN,53.0
1954,HUBBARD,26.0
1954,ISANTI,44.0
1954,ITASCA,35.0
1954,JACKSON,63.0
1954,KANABEC,44.0
1954,KANDIYOHI,49.0
1954,KITTSON,27.0
1954,KOOCHICHING,26.0
1954,LAC QUI PARLE,51.0
1954,LAKE OF THE WOODS,25.0
1954,LE SUEUR,65.0
1954,LINCOLN,37.0
1954,LYON,45.0
1954,MAHNOMEN,32.0
1954,MARSHALL,29.0
1954,MARTIN,62.0
1954,MCLEOD,66.0
1954,MEEKER,52.0
1954,MILLE LACS,38.0
1954,MORRISON,37.0
1954,MURRAY,50.0
1954,NICOLLET,63.0
1954,NOBLES,58.0
1954,NORMAN,33.0
1954,OTTER TAIL,36.0
1954,PENNINGTON,29.0
1954,PINE,42.0
1954,PIPESTONE,40.0
1954,POLK,35.0
1954,POPE,37.0
1954,RAMSEY,55.0
1954,RED LAKE,30.0
1954,REDWOOD,52.0
1954,RENVILLE,54.0
1954,RICE,58.0
1954,ROCK,44.0
1954,ROSEAU,24.0
1954,SCOTT,57.0
1954,SHERBURNE,38.0
1954,SIBLEY,58.0
1954,ST. LOUIS,26.0
1954,STEARNS,40.0
1954,STEELE,62.0
1954,STEVENS,39.0
1954,SWIFT,37.0
1954,TODD,38.0
1954,TRAVERSE,35.0
1954,WADENA,34.0
1954,WASECA,62.0
1954,WASHINGTON,52.0
1954,WATONWAN,59.0
1954,WILKIN,33.0
1954,WRIGHT,50.0
1954,YELLOW MEDICINE,46.0
1955,AITKIN,34.0
1955,ANOKA,44.0
1955,BECKER,37.0
1955,BELTRAMI,29.0
1955,BENTON,49.0
1955,BIG STONE,35.0
1955,BLUE EARTH,58.0
1955,BROWN,54.0
1955,CARLTON,44.0
1955,CARVER,69.0
1955,CASS,29.0
1955,CHIPPEWA,49.0
1955,CHISAGO,48.0
1955,CLAY,33.0
1955,CLEARWATER,29.0
1955,COTTONWOOD,39.0
1955,CROW WING,44.0
1955,DOUGLAS,44.0
1955,FARIBAULT,55.0
1955,FREEBORN,50.0
1955,GRANT,38.0
1955,HENNEPIN,54.0
1955,HUBBARD,29.0
1955,ISANTI,47.0
1955,ITASCA,37.0
1955,JACKSON,49.0
1955,KANABEC,52.0
1955,KANDIYOHI,55.0
1955,KITTSON,34.0
1955,KOOCHICHING,19.0
1955,LAC QUI PARLE,52.0
1955,LAKE OF THE WOODS,20.0
1955,LE SUEUR,64.0
1955,LINCOLN,37.0
1955,LYON,40.0
1955,MAHNOMEN,35.0
1955,MARSHALL,37.0
1955,MARTIN,55.0
1955,MCLEOD,66.0
1955,MEEKER,57.0
1955,MILLE LACS,55.0
1955,MORRISON,45.0
1955,MURRAY,35.0
1955,NICOLLET,62.0
1955,NOBLES,47.0
1955,NORMAN,37.0
1955,OTTER TAIL,38.0
1955,PENNINGTON,34.0
1955,PINE,49.0
1955,PIPESTONE,27.0
1955,POLK,40.0
1955,POPE,43.0
1955,RAMSEY,55.0
1955,RED LAKE,36.0
1955,REDWOOD,43.0
1955,RENVILLE,58.0
1955,RICE,61.0
1955,ROCK,46.0
1955,ROSEAU,34.0
1955,SCOTT,64.0
1955,SHERBURNE,38.0
1955,SIBLEY,63.0
1955,ST. LOUIS,29.0
1955,STEARNS,48.0
1955,STEELE,56.0
1955,STEVENS,44.0
1955,SWIFT,43.0
1955,TODD,42.0
1955,TRAVERSE,33.0
1955,WADENA,34.0
1955,WASECA,61.0
1955,WASHINGTON,54.0
1955,WATONWAN,53.0
1955,WILKIN,34.0
1955,WRIGHT,57.0
1955,YELLOW MEDICINE,52.0
1956,AITKIN,43.0
1956,ANOKA,55.0
1956,BECKER,37.0
1956,BELTRAMI,43.0
1956,BENTON,48.0
1956,BIG STONE,51.0
1956,BLUE EARTH,67.0
1956,BROWN,61.0
1956,CARLTON,42.0
1956,CARVER,75.0
1956,CASS,35.0
1956,CHIPPEWA,59.0
1956,CHISAGO,60.0
1956,CLAY,33.0
1956,CLEARWATER,38.0
1956,COTTONWOOD,58.0
1956,CROW WING,43.0
1956,DOUGLAS,47.0
1956,FARIBAULT,66.0
1956,FREEBORN,68.0
1956,GRANT,38.0
1956,HENNEPIN,65.0
1956,HUBBARD,33.0
1956,ISANTI,57.0
1956,ITASCA,35.0
1956,JACKSON,57.0
1956,KANABEC,54.0
1956,KANDIYOHI,60.0
1956,KITTSON,36.0
1956,KOOCHICHING,32.0
1956,LAC QUI PARLE,58.0
1956,LAKE OF THE WOODS,33.0
1956,LE SUEUR,70.0
1956,LINCOLN,47.0
1956,LYON,55.0
1956,MAHNOMEN,33.0
1956,MARSHALL,42.0
1956,MARTIN,64.0
1956,MCLEOD,67.0
1956,MEEKER,60.0
1956,MILLE LACS,55.0
1956,MORRISON,48.0
1956,MURRAY,51.0
1956,NICOLLET,68.0
1956,NOBLES,51.0
1956,NORMAN,34.0
1956,OTTER TAIL,41.0
1956,PENNINGTON,40.0
1956,PINE,47.0
1956,PIPESTONE,45.0
1956,POLK,35.0
1956,POPE,50.0
1956,RAMSEY,63.0
1956,RED LAKE,35.0
1956,REDWOOD,57.0
1956,RENVILLE,60.0
1956,RICE,67.0
1956,ROCK,46.0
1956,ROSEAU,34.0
1956,SCOTT,71.0
1956,SHERBURNE,48.0
1956,SIBLEY,64.0
1956,ST. LOUIS,35.0
1956,STEARNS,54.0
1956,STEELE,68.0
1956,STEVENS,44.0
1956,SWIFT,52.0
1956,TODD,47.0
1956,TRAVERSE,40.0
1956,WADENA,40.0
1956,WASECA,69.0
1956,WASHINGTON,62.0
1956,WATONWAN,63.0
1956,WILKIN,36.0
1956,WRIGHT,63.0
1956,YELLOW MEDICINE,58.0
1957,ANOKA,55.0
1957,BIG STONE,33.0
1957,BLUE EARTH,72.0
1957,BROWN,69.0
1957,CARVER,72.0
1957,CHIPPEWA,42.0
1957,CHISAGO,59.0
1957,CLAY,38.0
1957,COTTONWOOD,59.0
1957,DOUGLAS,36.0
1957,FARIBAULT,70.0
1957,FREEBORN,69.0
1957,GRANT,37.0
1957,HENNEPIN,60.0
1957,ISANTI,52.0
1957,JACKSON,61.0
1957,KANDIYOHI,48.0
1957,LAC QUI PARLE,40.0
1957,LE SUEUR,72.0
1957,LINCOLN,47.0
1957,LYON,52.0
1957,MARTIN,66.0
1957,MCLEOD,63.0
1957,MEEKER,50.0
1957,MURRAY,55.0
1957,NICOLLET,71.0
1957,NOBLES,60.0
1957,OTHER (COMBINED) COUNTIES,35.0
1957,OTHER (COMBINED) COUNTIES,38.6
1957,OTHER (COMBINED) COUNTIES,42.9
1957,OTHER (COMBINED) COUNTIES,32.1
1957,OTHER (COMBINED) COUNTIES,45.1
1957,OTTER TAIL,41.0
1957,PIPESTONE,50.0
1957,POPE,40.0
1957,RAMSEY,50.0
1957,REDWOOD,53.0
1957,RENVILLE,52.0
1957,RICE,68.0
1957,ROCK,53.0
1957,SCOTT,67.0
1957,SHERBURNE,48.0
1957,SIBLEY,68.0
1957,STEARNS,46.0
1957,STEELE,75.0
1957,STEVENS,42.0
1957,SWIFT,43.0
1957,TRAVERSE,36.0
1957,WADENA,35.0
1957,WASECA,76.0
1957,WASHINGTON,65.0
1957,WATONWAN,60.0
1957,WILKIN,38.0
1957,WRIGHT,56.0
1957,YELLOW MEDICINE,45.0
1958,ANOKA,57.0
1958,BIG STONE,40.0
1958,BLUE EARTH,67.0
1958,BROWN,63.0
1958,CARVER,70.0
1958,CHIPPEWA,50.0
1958,CHISAGO,58.0
1958,CLAY,41.0
1958,COTTONWOOD,51.0
1958,DOUGLAS,49.0
1958,FARIBAULT,65.0
1958,FREEBORN,70.0
1958,GRANT,47.0
1958,HENNEPIN,62.0
1958,ISANTI,47.0
1958,JACKSON,55.0
1958,KANDIYOHI,50.0
1958,LAC QUI PARLE,49.0
1958,LE SUEUR,68.0
1958,LINCOLN,45.0
1958,LYON,52.0
1958,MARTIN,64.0
1958,MCLEOD,63.0
1958,MEEKER,54.0
1958,MURRAY,51.0
1958,NICOLLET,70.0
1958,NOBLES,49.0
1958,OTHER (COMBINED) COUNTIES,40.0
1958,OTHER (COMBINED) COUNTIES,37.1
1958,OTHER (COMBINED) COUNTIES,39.7
1958,OTHER (COMBINED) COUNTIES,34.2
1958,OTHER (COMBINED) COUNTIES,40.2
1958,OTTER TAIL,37.0
1958,PIPESTONE,38.0
1958,POPE,42.0
1958,RAMSEY,60.0
1958,REDWOOD,57.0
1958,RENVILLE,58.0
1958,RICE,64.0
1958,ROCK,40.0
1958,SCOTT,64.0
1958,SHERBURNE,47.0
1958,SIBLEY,68.0
1958,STEARNS,46.0
1958,STEELE,64.0
1958,STEVENS,43.0
1958,SWIFT,42.0
1958,TRAVERSE,40.0
1958,WADENA,30.0
1958,WASECA,70.0
1958,WASHINGTON,61.0
1958,WATONWAN,65.0
1958,WILKIN,41.0
1958,WRIGHT,60.0
1958,YELLOW MEDICINE,56.0
1959,ANOKA,46.0
1959,BECKER,39.0
1959,BENTON,49.0
1959,BIG STONE,25.0
1959,BLUE EARTH,54.0
1959,BROWN,53.0
1959,CARVER,68.0
1959,CASS,36.0
1959,CHIPPEWA,46.0
1959,CHISAGO,55.0
1959,CLAY,43.0
1959,COTTONWOOD,43.0
1959,CROW WING,32.0
1959,DOUGLAS,42.0
1959,FARIBAULT,65.0
1959,FREEBORN,64.0
1959,GRANT,41.0
1959,HENNEPIN,60.0
1959,HUBBARD,39.0
1959,ISANTI,46.0
1959,JACKSON,49.0
1959,KANABEC,44.0
1959,KANDIYOHI,49.0
1959,LAC QUI PARLE,34.0
1959,LE SUEUR,58.0
1959,LINCOLN,25.0
1959,LYON,32.0
1959,MAHNOMEN,45.0
1959,MARTIN,55.0
1959,MCLEOD,65.0
1959,MEEKER,52.0
1959,MILLE LACS,49.0
1959,MORRISON,35.0
1959,MURRAY,46.0
1959,NICOLLET,61.0
1959,NOBLES,48.0
1959,NORMAN,42.0
1959,OTHER (COMBINED) COUNTIES,45.7
1959,OTHER (COMBINED) COUNTIES,44.3
1959,OTHER (COMBINED) COUNTIES,45.0
1959,OTTER TAIL,39.0
1959,PINE,44.0
1959,PIPESTONE,35.0
1959,POLK,45.0
1959,POPE,41.0
1959,REDWOOD,42.0
1959,RENVILLE,53.0
1959,RICE,63.0
1959,ROCK,44.0
1959,SCOTT,64.0
1959,SHERBURNE,34.0
1959,SIBLEY,66.0
1959,STEARNS,39.0
1959,STEELE,66.0
1959,STEVENS,33.0
1959,SWIFT,44.0
1959,TODD,36.0
1959,TRAVERSE,31.0
1959,WADENA,34.0
1959,WASECA,62.0
1959,WASHINGTON,55.0
1959,WATONWAN,45.0
1959,WILKIN,33.0
1959,WRIGHT,59.0
1959,YELLOW MEDICINE,36.0
1960,AITKIN,43.0
1960,ANOKA,42.0
1960,BECKER,37.0
1960,BELTRAMI,37.0
1960,BENTON,43.0
1960,BIG STONE,44.0
1960,BLUE EARTH,55.0
1960,BROWN,69.0
1960,CARLTON,36.0
1960,CARVER,56.0
1960,CASS,30.0
1960,CHIPPEWA,52.0
1960,CHISAGO,48.0
1960,CLAY,41.0
1960,CLEARWATER,39.0
1960,COTTONWOOD,53.0
1960,CROW WING,30.0
1960,DOUGLAS,49.0
1960,FARIBAULT,60.0
1960,FREEBORN,56.0
1960,GRANT,43.0
1960,HENNEPIN,53.0
1960,HUBBARD,37.0
1960,ISANTI,44.0
1960,ITASCA,33.0
1960,JACKSON,58.0
1960,KANABEC,35.0
1960,KANDIYOHI,55.0
1960,KITTSON,30.0
1960,LAC QUI PARLE,48.0
1960,LE SUEUR,59.0
1960,LINCOLN,49.0
1960,LYON,57.0
1960,MAHNOMEN,43.0
1960,MARSHALL,37.0
1960,MARTIN,63.0
1960,MCLEOD,69.0
1960,MEEKER,62.0
1960,MILLE LACS,44.0
1960,MORRISON,30.0
1960,MURRAY,53.0
1960,NICOLLET,61.0
1960,NOBLES,55.0
1960,NORMAN,38.0
1960,OTTER TAIL,36.0
1960,PENNINGTON,33.0
1960,PINE,38.0
1960,PIPESTONE,43.0
1960,POLK,42.0
1960,POPE,40.0
1960,RAMSEY,46.0
1960,RED LAKE,36.0
1960,REDWOOD,61.0
1960,RENVILLE,61.0
1960,RICE,58.0
1960,ROCK,50.0
1960,ROSEAU,29.0
1960,SCOTT,56.0
1960,SHERBURNE,31.0
1960,SIBLEY,60.0
1960,STEARNS,41.0
1960,STEELE,50.0
1960,STEVENS,49.0
1960,SWIFT,45.0
1960,TODD,36.0
1960,TRAVERSE,44.0
1960,WADENA,31.0
1960,WASECA,57.0
1960,WASHINGTON,49.0
1960,WATONWAN,59.0
1960,WILKIN,35.0
1960,WRIGHT,51.0
1960,YELLOW MEDICINE,56.0
1961,AITKIN,47.0
1961,ANOKA,60.0
1961,BECKER,42.0
1961,BELTRAMI,38.0
1961,BENTON,56.0
1961,BIG STONE,49.0
1961,BLUE EARTH,77.0
1961,BROWN,68.0
1961,CARLTON,43.0
1961,CARVER,78.0
1961,CASS,32.0
1961,CHIPPEWA,53.0
1961,CHISAGO,59.0
1961,CLAY,45.0
1961,CLEARWATER,39.0
1961,COTTONWOOD,64.0
1961,CROW WING,43.0
1961,DOUGLAS,50.0
1961,FARIBAULT,77.0
1961,FREEBORN,73.0
1961,GRANT,53.0
1961,HENNEPIN,71.0
1961,HUBBARD,32.0
1961,ISANTI,60.0
1961,ITASCA,30.0
1961,JACKSON,71.0
1961,KANABEC,48.0
1961,KANDIYOHI,61.0
1961,KITTSON,22.0
1961,LAC QUI PARLE,46.0
1961,LE SUEUR,77.0
1961,LINCOLN,53.0
1961,LYON,57.0
1961,MAHNOMEN,40.0
1961,MARSHALL,23.0
1961,MARTIN,76.0
1961,MCLEOD,77.0
1961,MEEKER,63.0
1961,MILLE LACS,52.0
1961,MORRISON,51.0
1961,MURRAY,62.0
1961,NICOLLET,72.0
1961,NOBLES,66.0
1961,NORMAN,42.0
1961,OTTER TAIL,43.0
1961,PENNINGTON,41.0
1961,PINE,52.0
1961,PIPESTONE,49.0
1961,POLK,46.0
1961,POPE,46.0
1961,RAMSEY,70.0
1961,RED LAKE,38.0
1961,REDWOOD,62.0
1961,RENVILLE,62.0
1961,RICE,81.0
1961,ROCK,58.0
1961,ROSEAU,20.0
1961,SCOTT,77.0
1961,SHERBURNE,57.0
1961,SIBLEY,78.0
1961,STEARNS,51.0
1961,STEELE,76.0
1961,STEVENS,53.0
1961,SWIFT,48.0
1961,TODD,45.0
1961,TRAVERSE,44.0
1961,WADENA,35.0
1961,WASECA,78.0
1961,WASHINGTON,71.0
1961,WATONWAN,70.0
1961,WILKIN,45.0
1961,WRIGHT,69.0
1961,YELLOW MEDICINE,58.0
1962,AITKIN,53.0
1962,ANOKA,58.0
1962,BECKER,33.0
1962,BELTRAMI,23.0
1962,BENTON,52.0
1962,BIG STONE,38.0
1962,BLUE EARTH,73.0
1962,BROWN,65.0
1962,CARLTON,50.0
1962,CARVER,66.0
1962,CASS,35.0
1962,CHIPPEWA,54.0
1962,CHISAGO,66.0
1962,CLAY,32.0
1962,CLEARWATER,31.0
1962,COTTONWOOD,61.0
1962,CROW WING,36.0
1962,DOUGLAS,38.0
1962,FARIBAULT,77.0
1962,FREEBORN,69.0
1962,GRANT,38.0
1962,HENNEPIN,67.0
1962,HUBBARD,38.0
1962,ISANTI,63.0
1962,ITASCA,33.0
1962,JACKSON,70.0
1962,KANABEC,57.0
1962,KANDIYOHI,58.0
1962,KITTSON,20.0
1962,LAC QUI PARLE,50.0
1962,LE SUEUR,65.0
1962,LINCOLN,42.0
1962,LYON,50.0
1962,MAHNOMEN,44.0
1962,MARSHALL,36.0
1962,MARTIN,70.0
1962,MCLEOD,63.0
1962,MEEKER,57.0
1962,MILLE LACS,51.0
1962,MORRISON,48.0
1962,MURRAY,51.0
1962,NICOLLET,64.0
1962,NOBLES,58.0
1962,NORMAN,44.0
1962,OTTER TAIL,39.0
1962,PENNINGTON,32.0
1962,PINE,55.0
1962,PIPESTONE,42.0
1962,POLK,30.0
1962,POPE,44.0
1962,RAMSEY,67.0
1962,RED LAKE,35.0
1962,REDWOOD,58.0
1962,RENVILLE,56.0
1962,RICE,76.0
1962,ROCK,58.0
1962,ROSEAU,19.0
1962,SCOTT,69.0
1962,SHERBURNE,49.0
1962,SIBLEY,59.0
1962,STEARNS,47.0
1962,STEELE,70.0
1962,STEVENS,41.0
1962,SWIFT,49.0
1962,TODD,41.0
1962,TRAVERSE,29.0
1962,WADENA,39.0
1962,WASECA,78.0
1962,WASHINGTON,69.0
1962,WATONWAN,69.0
1962,WILKIN,27.0
1962,WRIGHT,61.0
1962,YELLOW MEDICINE,54.0
1963,AITKIN,50.0
1963,ANOKA,61.0
1963,BECKER,48.0
1963,BELTRAMI,46.0
1963,BENTON,58.0
1963,BIG STONE,54.0
1963,BLUE EARTH,78.0
1963,BROWN,74.0
1963,CARLTON,51.0
1963,CARVER,70.0
1963,CASS,46.0
1963,CHIPPEWA,72.0
1963,CHISAGO,62.0
1963,CLAY,54.0
1963,CLEARWATER,41.0
1963,COTTONWOOD,66.0
1963,CROW WING,52.0
1963,DOUGLAS,55.0
1963,FARIBAULT,82.0
1963,FREEBORN,79.0
1963,GRANT,57.0
1963,HENNEPIN,58.0
1963,HUBBARD,44.0
1963,ISANTI,61.0
1963,ITASCA,43.0
1963,JACKSON,79.0
1963,KANABEC,52.0
1963,KANDIYOHI,73.0
1963,KITTSON,27.0
1963,LAC QUI PARLE,69.0
1963,LE SUEUR,76.0
1963,LINCOLN,59.0
1963,LYON,62.0
1963,MAHNOMEN,57.0
1963,MARSHALL,41.0
1963,MARTIN,79.0
1963,MCLEOD,70.0
1963,MEEKER,72.0
1963,MILLE LACS,50.0
1963,MORRISON,53.0
1963,MURRAY,63.0
1963,NICOLLET,77.0
1963,NOBLES,71.0
1963,NORMAN,57.0
1963,OTTER TAIL,48.0
1963,PENNINGTON,44.0
1963,PINE,61.0
1963,PIPESTONE,64.0
1963,POLK,53.0
1963,POPE,59.0
1963,RAMSEY,58.0
1963,RED LAKE,48.0
1963,REDWOOD,63.0
1963,RENVILLE,72.0
1963,RICE,69.0
1963,ROCK,61.0
1963,ROSEAU,26.0
1963,SCOTT,66.0
1963,SHERBURNE,47.0
1963,SIBLEY,72.0
1963,STEARNS,53.0
1963,STEELE,81.0
1963,STEVENS,55.0
1963,SWIFT,61.0
1963,TODD,53.0
1963,TRAVERSE,49.0
1963,WADENA,41.0
1963,WASECA,84.0
1963,WASHINGTON,64.0
1963,WATONWAN,71.0
1963,WILKIN,50.0
1963,WRIGHT,62.0
1963,YELLOW MEDICINE,73.0
1964,AITKIN,48.0
1964,ANOKA,46.0
1964,BECKER,33.0
1964,BELTRAMI,26.0
1964,BENTON,36.0
1964,BIG STONE,34.0
1964,BLUE EARTH,82.0
1964,BROWN,76.0
1964,CARLTON,46.0
1964,CARVER,65.0
1964,CASS,43.0
1964,CHIPPEWA,46.0
1964,CHISAGO,49.0
1964,CLAY,46.0
1964,CLEARWATER,22.0
1964,COTTONWOOD,73.0
1964,CROW WING,43.0
1964,DOUGLAS,35.0
1964,FARIBAULT,86.0
1964,FREEBORN,68.0
1964,GRANT,38.0
1964,HENNEPIN,51.0
1964,HUBBARD,37.0
1964,ISANTI,58.0
1964,ITASCA,40.0
1964,JACKSON,84.0
1964,KANABEC,62.0
1964,KANDIYOHI,54.0
1964,KITTSON,22.0
1964,LAC QUI PARLE,37.0
1964,LE SUEUR,77.0
1964,LINCOLN,49.0
1964,LYON,54.0
1964,MAHNOMEN,25.0
1964,MARSHALL,26.0
1964,MARTIN,82.0
1964,MCLEOD,69.0
1964,MEEKER,52.0
1964,MILLE LACS,41.0
1964,MORRISON,36.0
1964,MURRAY,55.0
1964,NICOLLET,77.0
1964,NOBLES,62.0
1964,NORMAN,33.0
1964,OTTER TAIL,40.0
1964,PENNINGTON,26.0
1964,PINE,51.0
1964,PIPESTONE,42.0
1964,POLK,25.0
1964,POPE,31.0
1964,RAMSEY,45.0
1964,RED LAKE,25.0
1964,REDWOOD,63.0
1964,RENVILLE,61.0
1964,RICE,68.0
1964,ROCK,63.0
1964,ROSEAU,21.0
1964,SCOTT,66.0
1964,SHERBURNE,32.0
1964,SIBLEY,74.0
1964,STEARNS,34.0
1964,STEELE,64.0
1964,STEVENS,36.0
1964,SWIFT,38.0
1964,TODD,40.0
1964,TRAVERSE,45.0
1964,WADENA,38.0
1964,WASECA,85.0
1964,WASHINGTON,36.0
1964,WATONWAN,73.0
1964,WILKIN,42.0
1964,WRIGHT,46.0
1964,YELLOW MEDICINE,52.0
1965,AITKIN,35.0
1965,ANOKA,55.0
1965,BECKER,32.0
1965,BENTON,45.0
1965,BIG STONE,43.0
1965,BLUE EARTH,72.0
1965,BROWN,65.0
1965,CARVER,68.0
1965,CASS,21.0
1965,CHIPPEWA,51.0
1965,CHISAGO,59.0
1965,CLAY,41.0
1965,CLEARWATER,30.0
1965,COTTONWOOD,58.0
1965,CROW WING,28.0
1965,DOUGLAS,39.0
1965,FARIBAULT,75.0
1965,FREEBORN,81.0
1965,GRANT,40.0
1965,HENNEPIN,62.0
1965,HUBBARD,23.0
1965,ISANTI,50.0
1965,JACKSON,60.0
1965,KANABEC,42.0
1965,KANDIYOHI,59.0
1965,LAC QUI PARLE,56.0
1965,LE SUEUR,69.0
1965,LINCOLN,40.0
1965,LYON,49.0
1965,MAHNOMEN,35.0
1965,MARSHALL,32.0
1965,MARTIN,70.0
1965,MCLEOD,67.0
1965,MEEKER,58.0
1965,MILLE LACS,41.0
1965,MORRISON,45.0
1965,MURRAY,49.0
1965,NICOLLET,70.0
1965,NOBLES,56.0
1965,NORMAN,42.0
1965,OTTER TAIL,36.0
1965,PENNINGTON,31.0
1965,PINE,44.0
1965,PIPESTONE,47.0
1965,POLK,40.0
1965,POPE,49.0
1965,RAMSEY,58.0
1965,RED LAKE,30.0
1965,REDWOOD,67.0
1965,RENVILLE,68.0
1965,RICE,70.0
1965,ROCK,59.0
1965,SCOTT,58.0
1965,SHERBURNE,55.0
1965,SIBLEY,52.0
1965,STEARNS,46.0
1965,STEELE,73.0
1965,STEVENS,45.0
1965,SWIFT,58.0
1965,TODD,39.0
1965,TRAVERSE,44.0
1965,WADENA,25.0
1965,WASECA,81.0
1965,WASHINGTON,59.0
1965,WATONWAN,64.0
1965,WILKIN,42.0
1965,WRIGHT,62.0
1965,YELLOW MEDICINE,57.0
1966,AITKIN,58.0
1966,ANOKA,57.0
1966,BECKER,47.0
1966,BELTRAMI,38.0
1966,BENTON,70.0
1966,BIG STONE,54.0
1966,BLUE EARTH,91.0
1966,BROWN,80.0
1966,CARLTON,63.0
1966,CARVER,78.0
1966,CASS,55.0
1966,CHIPPEWA,72.0
1966,CHISAGO,77.0
1966,CLAY,53.0
1966,CLEARWATER,35.0
1966,COTTONWOOD,79.0
1966,CROW WING,63.0
1966,DOUGLAS,58.0
1966,FARIBAULT,96.0
1966,FREEBORN,92.0
1966,GRANT,61.0
1966,HENNEPIN,76.0
1966,HUBBARD,49.0
1966,ISANTI,78.0
1966,ITASCA,38.0
1966,JACKSON,87.0
1966,KANABEC,64.0
1966,KANDIYOHI,80.0
1966,KITTSON,40.0
1966,KOOCHICHING,38.0
1966,LAC QUI PARLE,61.0
1966,LAKE OF THE WOODS,40.0
1966,LE SUEUR,90.0
1966,LINCOLN,62.0
1966,LYON,59.0
1966,MAHNOMEN,52.0
1966,MARSHALL,45.0
1966,MARTIN,93.0
1966,MCLEOD,81.0
1966,MEEKER,79.0
1966,MILLE LACS,65.0
1966,MORRISON,65.0
1966,MURRAY,62.0
1966,NICOLLET,91.0
1966,NOBLES,74.0
1966,NORMAN,58.0
1966,OTTER TAIL,56.0
1966,PENNINGTON,42.0
1966,PINE,69.0
1966,PIPESTONE,48.0
1966,POLK,49.0
1966,POPE,55.0
1966,RAMSEY,74.0
1966,RED LAKE,48.0
1966,REDWOOD,74.0
1966,RENVILLE,82.0
1966,RICE,86.0
1966,ROCK,64.0
1966,ROSEAU,40.0
1966,SCOTT,77.0
1966,SHERBURNE,60.0
1966,SIBLEY,82.0
1966,ST. LOUIS,37.0
1966,STEARNS,63.0
1966,STEELE,90.0
1966,STEVENS,60.0
1966,SWIFT,66.0
1966,TODD,63.0
1966,TRAVERSE,53.0
1966,WADENA,50.0
1966,WASECA,97.0
1966,WASHINGTON,73.0
1966,WATONWAN,90.0
1966,WILKIN,58.0
1966,WRIGHT,78.0
1966,YELLOW MEDICINE,60.8
1967,AITKIN,41.0
1967,ANOKA,61.0
1967,BECKER,39.0
1967,BELTRAMI,36.0
1967,BENTON,56.0
1967,BIG STONE,45.0
1967,BLUE EARTH,86.0
1967,BROWN,82.0
1967,CARLTON,42.0
1967,CARVER,77.0
1967,CASS,40.0
1967,CHIPPEWA,71.0
1967,CHISAGO,68.0
1967,CLAY,41.0
1967,CLEARWATER,39.0
1967,COTTONWOOD,83.0
1967,CROW WING,46.0
1967,DOUGLAS,43.0
1967,FARIBAULT,91.0
1967,FREEBORN,80.0
1967,GRANT,54.0
1967,HENNEPIN,64.0
1967,HUBBARD,40.0
1967,ISANTI,70.0
1967,ITASCA,28.0
1967,JACKSON,84.0
1967,KANABEC,54.0
1967,KANDIYOHI,68.0
1967,KITTSON,36.0
1967,LAC QUI PARLE,52.0
1967,LE SUEUR,88.0
1967,LINCOLN,51.0
1967,LYON,64.0
1967,MAHNOMEN,47.0
1967,MARSHALL,51.0
1967,MARTIN,92.0
1967,MCLEOD,75.0
1967,MEEKER,67.0
1967,MILLE LACS,59.0
1967,MORRISON,45.0
1967,MURRAY,63.0
1967,NICOLLET,89.0
1967,NOBLES,68.0
1967,NORMAN,46.0
1967,OTTER TAIL,40.0
1967,PENNINGTON,42.0
1967,PINE,62.0
1967,PIPESTONE,53.0
1967,POLK,45.0
1967,POPE,44.0
1967,RAMSEY,65.0
1967,RED LAKE,44.0
1967,REDWOOD,78.0
1967,RENVILLE,82.0
1967,RICE,80.0
1967,ROCK,67.0
1967,ROSEAU,33.0
1967,SCOTT,63.0
1967,SHERBURNE,46.0
1967,SIBLEY,83.0
1967,ST. LOUIS,27.0
1967,STEARNS,53.0
1967,STEELE,78.0
1967,STEVENS,49.0
1967,SWIFT,51.0
1967,TODD,42.0
1967,TRAVERSE,57.0
1967,WADENA,38.0
1967,WASECA,93.0
1967,WASHINGTON,68.0
1967,WATONWAN,82.0
1967,WILKIN,50.0
1967,WRIGHT,64.0
1967,YELLOW MEDICINE,60.0
1968,AITKIN,52.0
1968,ANOKA,61.0
1968,BECKER,44.0
1968,BELTRAMI,38.0
1968,BENTON,87.0
1968,BIG STONE,61.0
1968,BLUE EARTH,93.0
1968,BROWN,88.0
1968,CARLTON,54.0
1968,CARVER,84.0
1968,CASS,48.0
1968,CHIPPEWA,79.0
1968,CHISAGO,71.0
1968,CLAY,48.0
1968,CLEARWATER,37.0
1968,COTTONWOOD,89.0
1968,CROW WING,45.0
1968,DOUGLAS,47.0
1968,FARIBAULT,98.0
1968,FREEBORN,89.0
1968,GRANT,47.0
1968,HENNEPIN,80.0
1968,HUBBARD,47.0
1968,ISANTI,72.0
1968,ITASCA,29.0
1968,JACKSON,95.0
1968,KANABEC,63.0
1968,KANDIYOHI,78.0
1968,KITTSON,24.0
1968,LAC QUI PARLE,70.0
1968,LE SUEUR,97.0
1968,LINCOLN,64.0
1968,LYON,84.0
1968,MAHNOMEN,40.0
1968,MARSHALL,35.0
1968,MARTIN,101.0
1968,MCLEOD,84.0
1968,MEEKER,77.0
1968,MILLE LACS,69.0
1968,MORRISON,56.0
1968,MURRAY,70.0
1968,NICOLLET,95.0
1968,NOBLES,75.0
1968,NORMAN,49.0
1968,OTTER TAIL,48.0
1968,PENNINGTON,27.0
1968,PINE,67.0
1968,PIPESTONE,59.0
1968,POLK,49.0
1968,POPE,56.0
1968,RAMSEY,67.0
1968,RED LAKE,46.0
1968,REDWOOD,89.0
1968,RENVILLE,90.0
1968,RICE,88.0
1968,ROCK,70.0
1968,ROSEAU,23.0
1968,SCOTT,78.0
1968,SHERBURNE,62.0
1968,SIBLEY,90.0
1968,ST. LOUIS,36.0
1968,STEARNS,62.0
1968,STEELE,90.0
1968,STEVENS,59.0
1968,SWIFT,66.0
1968,TODD,54.0
1968,TRAVERSE,62.0
1968,WADENA,45.0
1968,WASECA,93.0
1968,WASHINGTON,85.0
1968,WATONWAN,97.0
1968,WILKIN,52.0
1968,WRIGHT,73.0
1968,YELLOW MEDICINE,86.0
1969,AITKIN,32.0
1969,ANOKA,48.0
1969,BECKER,50.0
1969,BELTRAMI,41.0
1969,BENTON,50.0
1969,BIG STONE,55.0
1969,BLUE EARTH,100.0
1969,BROWN,88.0
1969,CARLTON,30.0
1969,CARVER,84.0
1969,CASS,45.0
1969,CHIPPEWA,89.0
1969,CHISAGO,63.0
1969,CLAY,51.0
1969,CLEARWATER,43.0
1969,COTTONWOOD,97.0
1969,CROW WING,33.0
1969,DOUGLAS,51.0
1969,FARIBAULT,109.0
1969,FREEBORN,96.0
1969,GRANT,60.0
1969,HENNEPIN,76.0
1969,HUBBARD,40.0
1969,ISANTI,48.0
1969,ITASCA,35.0
1969,JACKSON,99.0
1969,KANABEC,63.0
1969,KANDIYOHI,79.0
1969,KITTSON,31.0
1969,LAC QUI PARLE,76.0
1969,LE SUEUR,96.0
1969,LINCOLN,65.0
1969,LYON,84.0
1969,MAHNOMEN,61.0
1969,MARSHALL,53.0
1969,MARTIN,107.0
1969,MCLEOD,90.0
1969,MEEKER,80.0
1969,MILLE LACS,59.0
1969,MORRISON,51.0
1969,MURRAY,86.0
1969,NICOLLET,97.0
1969,NOBLES,91.0
1969,NORMAN,60.0
1969,OTTER TAIL,47.0
1969,PENNINGTON,52.0
1969,PINE,61.0
1969,PIPESTONE,65.0
1969,POLK,49.0
1969,POPE,50.0
1969,RAMSEY,61.0
1969,RED LAKE,57.0
1969,REDWOOD,92.0
1969,RENVILLE,96.0
1969,RICE,91.0
1969,ROCK,88.0
1969,ROSEAU,28.0
1969,SCOTT,76.0
1969,SHERBURNE,49.0
1969,SIBLEY,96.0
1969,ST. LOUIS,35.0
1969,STEARNS,54.0
1969,STEELE,92.0
1969,STEVENS,62.0
1969,SWIFT,73.0
1969,TODD,50.0
1969,TRAVERSE,57.0
1969,WADENA,38.0
1969,WASECA,103.0
1969,WASHINGTON,61.0
1969,WATONWAN,92.0
1969,WILKIN,51.0
1969,WRIGHT,69.0
1969,YELLOW MEDICINE,87.0
1970,AITKIN,48.0
1970,ANOKA,76.0
1970,BECKER,37.0
1970,BELTRAMI,39.0
1970,BENTON,73.0
1970,BIG STONE,61.0
1970,BLUE EARTH,103.0
1970,BROWN,93.0
1970,CARLTON,47.0
1970,CARVER,91.0
1970,CASS,59.0
1970,CHIPPEWA,81.0
1970,CHISAGO,81.0
1970,CLAY,43.0
1970,CLEARWATER,45.0
1970,COTTONWOOD,93.0
1970,CROW WING,36.0
1970,DOUGLAS,40.0
1970,FARIBAULT,105.0
1970,FREEBORN,102.0
1970,GRANT,43.0
1970,HENNEPIN,90.0
1970,HUBBARD,64.0
1970,ISANTI,81.0
1970,ITASCA,60.0
1970,JACKSON,97.0
1970,KANABEC,62.0
1970,KANDIYOHI,81.0
1970,KITTSON,35.0
1970,LAC QUI PARLE,59.0
1970,LE SUEUR,102.0
1970,LINCOLN,54.0
1970,LYON,84.0
1970,MAHNOMEN,52.0
1970,MARSHALL,40.0
1970,MARTIN,100.0
1970,MCLEOD,86.0
1970,MEEKER,84.0
1970,MILLE LACS,80.0
1970,MORRISON,63.0
1970,MURRAY,77.0
1970,NICOLLET,104.0
1970,NOBLES,84.0
1970,NORMAN,50.0
1970,OTTER TAIL,34.0
1970,PENNINGTON,44.0
1970,PINE,66.0
1970,PIPESTONE,59.0
1970,POLK,45.0
1970,POPE,57.0
1970,RAMSEY,86.0
1970,RED LAKE,45.0
1970,REDWOOD,88.0
1970,RENVILLE,94.0
1970,RICE,96.0
1970,ROCK,69.0
1970,ROSEAU,34.0
1970,SCOTT,84.0
1970,SHERBURNE,62.0
1970,SIBLEY,96.0
1970,STEARNS,62.0
1970,STEELE,92.0
1970,STEVENS,68.0
1970,SWIFT,77.0
1970,TODD,48.0
1970,TRAVERSE,49.0
1970,WADENA,33.0
1970,WASECA,103.0
1970,WASHINGTON,85.0
1970,WATONWAN,101.0
1970,WILKIN,35.0
1970,WRIGHT,78.0
1970,YELLOW MEDICINE,76.0
1971,AITKIN,64.0
1971,ANOKA,66.0
1971,BECKER,50.0
1971,BELTRAMI,41.0
1971,BENTON,67.0
1971,BIG STONE,61.0
1971,BLUE EARTH,94.0
1971,BROWN,86.0
1971,CARLTON,59.0
1971,CARVER,90.0
1971,CASS,58.0
1971,CHIPPEWA,78.0
1971,CHISAGO,79.0
1971,CLAY,53.0
1971,CLEARWATER,45.0
1971,COTTONWOOD,87.0
1971,CROW WING,59.0
1971,DOUGLAS,53.0
1971,FARIBAULT,103.0
1971,FREEBORN,90.0
1971,GRANT,64.0
1971,HENNEPIN,86.0
1971,HUBBARD,51.1
1971,ISANTI,77.0
1971,ITASCA,48.0
1971,JACKSON,88.0
1971,KANABEC,67.0
1971,KANDIYOHI,75.0
1971,KITTSON,35.0
1971,LAC QUI PARLE,75.0
1971,LE SUEUR,94.0
1971,LINCOLN,70.0
1971,LYON,80.0
1971,MAHNOMEN,65.0
1971,MARSHALL,41.0
1971,MARTIN,96.0
1971,MCLEOD,86.0
1971,MEEKER,83.0
1971,MILLE LACS,72.0
1971,MORRISON,58.0
1971,MURRAY,77.0
1971,NICOLLET,98.0
1971,NOBLES,77.0
1971,NORMAN,64.0
1971,OTTER TAIL,52.0
1971,PENNINGTON,46.0
1971,PINE,68.0
1971,PIPESTONE,66.0
1971,POLK,60.0
1971,POPE,64.0
1971,RAMSEY,78.0
1971,RED LAKE,50.0
1971,REDWOOD,85.0
1971,RENVILLE,86.0
1971,RICE,94.0
1971,ROCK,76.0
1971,SCOTT,85.0
1971,SHERBURNE,62.0
1971,SIBLEY,87.0
1971,STEARNS,61.0
1971,STEELE,90.0
1971,STEVENS,70.0
1971,SWIFT,76.0
1971,TODD,55.0
1971,TRAVERSE,60.0
1971,WADENA,57.0
1971,WASECA,91.0
1971,WASHINGTON,84.0
1971,WATONWAN,96.0
1971,WILKIN,54.0
1971,WRIGHT,73.0
1971,YELLOW MEDICINE,85.0
1972,AITKIN,65.0
1972,ANOKA,85.0
1972,BECKER,50.0
1972,BELTRAMI,45.0
1972,BENTON,67.0
1972,BIG STONE,58.0
1972,BLUE EARTH,109.0
1972,BROWN,103.0
1972,CARVER,92.0
1972,CASS,60.0
1972,CHIPPEWA,79.0
1972,CHISAGO,86.0
1972,CLAY,66.0
1972,CLEARWATER,47.0
1972,COTTONWOOD,110.0
1972,CROW WING,60.0
1972,DOUGLAS,50.0
1972,FARIBAULT,108.0
1972,FREEBORN,103.0
1972,GRANT,62.0
1972,HENNEPIN,92.0
1972,HUBBARD,59.0
1972,ISANTI,76.0
1972,ITASCA,51.0
1972,JACKSON,105.0
1972,KANABEC,72.0
1972,KANDIYOHI,85.0
1972,KITTSON,35.0
1972,KOOCHICHING,45.0
1972,LAC QUI PARLE,74.0
1972,LE SUEUR,105.0
1972,LINCOLN,73.0
1972,LYON,98.0
1972,MAHNOMEN,53.0
1972,MARSHALL,50.0
1972,MARTIN,108.0
1972,MCLEOD,95.0
1972,MEEKER,82.0
1972,MILLE LACS,70.0
1972,MORRISON,60.0
1972,MURRAY,91.0
1972,NICOLLET,112.0
1972,NOBLES,98.0
1972,NORMAN,65.0
1972,OTTER TAIL,65.0
1972,PENNINGTON,48.0
1972,PINE,80.0
1972,PIPESTONE,70.0
1972,POLK,60.0
1972,POPE,75.0
1972,RAMSEY,86.0
1972,RED LAKE,65.0
1972,REDWOOD,105.0
1972,RENVILLE,95.0
1972,RICE,104.0
1972,ROCK,96.0
1972,ROSEAU,35.0
1972,SCOTT,96.0
1972,SHERBURNE,70.0
1972,SIBLEY,107.0
1972,STEARNS,73.0
1972,STEELE,102.0
1972,STEVENS,69.0
1972,SWIFT,59.0
1972,TODD,59.0
1972,TRAVERSE,53.0
1972,WADENA,65.0
1972,WASECA,104.0
1972,WASHINGTON,90.0
1972,WATONWAN,114.0
1972,WILKIN,57.0
1972,WRIGHT,86.0
1972,YELLOW MEDICINE,85.0
1973,AITKIN,73.0
1973,ANOKA,82.0
1973,BECKER,57.0
1973,BELTRAMI,41.0
1973,BENTON,72.0
1973,BIG STONE,72.0
1973,BLUE EARTH,105.0
1973,BROWN,91.0
1973,CARVER,93.0
1973,CASS,60.0
1973,CHIPPEWA,93.0
1973,CHISAGO,85.0
1973,CLAY,67.0
1973,CLEARWATER,41.0
1973,COTTONWOOD,89.0
1973,CROW WING,72.0
1973,DOUGLAS,70.0
1973,FARIBAULT,114.0
1973,FREEBORN,107.0
1973,GRANT,80.0
1973,HENNEPIN,92.0
1973,HUBBARD,60.0
1973,ISANTI,80.0
1973,ITASCA,50.0
1973,JACKSON,105.0
1973,KANABEC,75.0
1973,KANDIYOHI,91.0
1973,KITTSON,45.0
1973,KOOCHICHING,46.0
1973,LAC QUI PARLE,85.0
1973,LE SUEUR,104.0
1973,LINCOLN,66.0
1973,LYON,78.0
1973,MAHNOMEN,60.0
1973,MARSHALL,40.0
1973,MARTIN,171.2
1973,MCLEOD,96.0
1973,MEEKER,86.0
1973,MILLE LACS,75.0
1973,MORRISON,74.0
1973,MURRAY,83.0
1973,NICOLLET,109.0
1973,NOBLES,86.0
1973,NORMAN,63.0
1973,OTTER TAIL,70.0
1973,PENNINGTON,53.0
1973,PINE,73.0
1973,PIPESTONE,70.0
1973,POLK,55.0
1973,POPE,80.0
1973,RAMSEY,85.0
1973,RED LAKE,55.0
1973,REDWOOD,91.0
1973,RENVILLE,99.0
1973,RICE,105.0
1973,ROCK,90.0
1973,ROSEAU,42.0
1973,SCOTT,101.0
1973,SHERBURNE,84.0
1973,SIBLEY,107.0
1973,STEARNS,83.0
1973,STEELE,105.0
1973,STEVENS,88.0
1973,SWIFT,94.0
1973,TODD,75.0
1973,TRAVERSE,65.0
1973,WADENA,71.0
1973,WASECA,113.0
1973,WASHINGTON,91.0
1973,WATONWAN,98.0
1973,WILKIN,63.0
1973,WRIGHT,89.0
1973,YELLOW MEDICINE,85.0
1974,AITKIN,37.3
1974,ANOKA,43.4
1974,BECKER,43.9
1974,BELTRAMI,40.8
1974,BENTON,47.4
1974,BIG STONE,38.9
1974,BLUE EARTH,78.3
1974,BROWN,69.8
1974,CARVER,70.3
1974,CASS,44.4
1974,CHIPPEWA,60.3
1974,CHISAGO,42.4
1974,CLAY,53.9
1974,CLEARWATER,45.8
1974,COTTONWOOD,64.8
1974,CROW WING,40.9
1974,DOUGLAS,42.4
1974,FARIBAULT,86.3
1974,FREEBORN,78.3
1974,GRANT,46.4
1974,HENNEPIN,57.8
1974,HUBBARD,37.9
1974,ISANTI,42.9
1974,ITASCA,45.0
1974,JACKSON,68.3
1974,KANABEC,42.9
1974,KANDIYOHI,53.4
1974,KITTSON,47.0
1974,KOOCHICHING,38.0
1974,LAC QUI PARLE,51.9
1974,LAKE OF THE WOODS,
1974,LE SUEUR,63.3
1974,LINCOLN,47.9
1974,LYON,52.9
1974,MAHNOMEN,37.9
1974,MARSHALL,50.8
1974,MARTIN,88.8
1974,MCLEOD,62.3
1974,MEEKER,58.8
1974,MILLE LACS,44.9
1974,MORRISON,40.9
1974,MURRAY,53.4
1974,NICOLLET,71.3
1974,NOBLES,48.9
1974,NORMAN,55.3
1974,OTTER TAIL,46.4
1974,PENNINGTON,41.0
1974,PINE,43.9
1974,PIPESTONE,50.7
1974,POLK,43.4
1974,POPE,46.4
1974,RAMSEY,50.0
1974,RED LAKE,47.9
1974,REDWOOD,61.3
1974,RENVILLE,59.8
1974,RICE,70.3
1974,ROCK,36.4
1974,ROSEAU,46.8
1974,SCOTT,59.8
1974,SHERBURNE,45.9
1974,SIBLEY,62.3
1974,STEARNS,49.4
1974,STEELE,76.8
1974,STEVENS,48.9
1974,SWIFT,55.3
1974,TODD,39.4
1974,TRAVERSE,35.4
1974,WADENA,43.9
1974,WASECA,79.8
1974,WASHINGTON,56.3
1974,WATONWAN,81.3
1974,WILKIN,49.4
1974,WRIGHT,60.8
1974,YELLOW MEDICINE,56.3
1975,AITKIN,59.0
1975,ANOKA,45.0
1975,BECKER,58.0
1975,BELTRAMI,35.0
1975,BENTON,40.0
1975,BIG STONE,46.8
1975,BLUE EARTH,79.8
1975,BROWN,64.2
1975,CARVER,81.8
1975,CASS,45.0
1975,CHIPPEWA,71.4
1975,CHISAGO,62.2
1975,CLAY,46.0
1975,CLEARWATER,44.4
1975,COTTONWOOD,64.9
1975,CROW WING,35.0
1975,DOUGLAS,44.8
1975,FARIBAULT,88.6
1975,FREEBORN,84.0
1975,GRANT,67.1
1975,HENNEPIN,68.8
1975,HUBBARD,30.7
1975,ISANTI,55.8
1975,ITASCA,40.0
1975,JACKSON,86.2
1975,KANABEC,63.8
1975,KANDIYOHI,68.0
1975,KITTSON,45.3
1975,LAC QUI PARLE,39.4
1975,LE SUEUR,78.4
1975,LINCOLN,37.0
1975,LYON,27.9
1975,MAHNOMEN,39.0
1975,MARSHALL,35.0
1975,MARTIN,91.3
1975,MCLEOD,72.4
1975,MEEKER,73.5
1975,MILLE LACS,56.7
1975,MORRISON,36.6
1975,MURRAY,47.0
1975,NICOLLET,82.1
1975,NOBLES,74.8
1975,NORMAN,31.7
1975,OTTER TAIL,46.0
1975,PENNINGTON,35.0
1975,PINE,57.1
1975,PIPESTONE,57.5
1975,POLK,52.0
1975,POPE,61.6
1975,RAMSEY,56.0
1975,RED LAKE,45.0
1975,REDWOOD,54.2
1975,RENVILLE,74.9
1975,RICE,89.5
1975,ROCK,73.2
1975,ROSEAU,30.0
1975,SCOTT,82.6
1975,SHERBURNE,44.9
1975,SIBLEY,80.9
1975,ST. LOUIS,30.0
1975,STEARNS,53.2
1975,STEELE,77.7
1975,STEVENS,75.3
1975,SWIFT,69.6
1975,TODD,48.9
1975,TRAVERSE,60.5
1975,WADENA,34.6
1975,WASECA,88.7
1975,WASHINGTON,71.2
1975,WATONWAN,74.2
1975,WILKIN,43.8
1975,WRIGHT,62.9
1975,YELLOW MEDICINE,38.6
1976,AITKIN,59.0
1976,ANOKA,33.4
1976,BECKER,29.1
1976,BELTRAMI,35.0
1976,BENTON,49.0
1976,BIG STONE,16.7
1976,BLUE EARTH,88.8
1976,BROWN,50.4
1976,CARLTON,61.0
1976,CARVER,59.2
1976,CASS,28.0
1976,CHIPPEWA,34.6
1976,CHISAGO,45.7
1976,CLAY,27.2
1976,CLEARWATER,46.9
1976,COTTONWOOD,64.0
1976,CROW WING,28.5
1976,DOUGLAS,37.9
1976,FARIBAULT,97.1
1976,FREEBORN,81.5
1976,GRANT,46.9
1976,HENNEPIN,51.7
1976,HUBBARD,38.3
1976,ISANTI,41.7
1976,ITASCA,43.9
1976,JACKSON,63.4
1976,KANABEC,46.5
1976,KANDIYOHI,47.7
1976,KITTSON,25.2
1976,LAC QUI PARLE,16.1
1976,LE SUEUR,73.2
1976,LINCOLN,23.5
1976,LYON,24.2
1976,MAHNOMEN,30.2
1976,MARSHALL,42.0
1976,MARTIN,75.8
1976,MCLEOD,48.2
1976,MEEKER,64.5
1976,MILLE LACS,61.0
1976,MORRISON,33.5
1976,MURRAY,41.5
1976,NICOLLET,71.3
1976,NOBLES,48.8
1976,NORMAN,50.0
1976,OTTER TAIL,32.8
1976,PENNINGTON,42.0
1976,PINE,51.4
1976,PIPESTONE,23.7
1976,POLK,46.5
1976,POPE,43.9
1976,RAMSEY,51.3
1976,RED LAKE,45.2
1976,REDWOOD,33.7
1976,RENVILLE,45.9
1976,RICE,81.1
1976,ROCK,39.5
1976,SCOTT,63.6
1976,SHERBURNE,44.1
1976,SIBLEY,49.9
1976,STEARNS,53.3
1976,STEELE,73.5
1976,STEVENS,34.3
1976,SWIFT,45.5
1976,TODD,32.8
1976,TRAVERSE,24.2
1976,WADENA,35.3
1976,WASECA,84.0
1976,WASHINGTON,45.7
1976,WATONWAN,70.3
1976,WILKIN,22.5
1976,WRIGHT,52.0
1976,YELLOW MEDICINE,24.4
1977,AITKIN,81.6
1977,ANOKA,82.9
1977,BECKER,64.6
1977,BELTRAMI,75.0
1977,BENTON,79.4
1977,BIG STONE,86.7
1977,BLUE EARTH,109.6
1977,BROWN,105.4
1977,CARLTON,80.0
1977,CARVER,109.7
1977,CASS,60.2
1977,CHIPPEWA,80.1
1977,CHISAGO,95.3
1977,CLAY,52.7
1977,CLEARWATER,64.6
1977,COTTONWOOD,107.7
1977,CROW WING,68.8
1977,DOUGLAS,75.6
1977,FARIBAULT,117.9
1977,FREEBORN,116.6
1977,GRANT,95.2
1977,HENNEPIN,97.9
1977,HUBBARD,62.6
1977,ISANTI,93.8
1977,ITASCA,62.5
1977,JACKSON,96.2
1977,KANABEC,82.1
1977,KANDIYOHI,95.5
1977,KITTSON,60.7
1977,KOOCHICHING,75.0
1977,LAC QUI PARLE,76.3
1977,LAKE OF THE WOODS,62.0
1977,LE SUEUR,112.3
1977,LINCOLN,84.1
1977,LYON,92.1
1977,MAHNOMEN,57.0
1977,MARSHALL,59.0
1977,MARTIN,100.2
1977,MCLEOD,102.6
1977,MEEKER,98.8
1977,MILLE LACS,76.8
1977,MORRISON,74.3
1977,MURRAY,100.8
1977,NICOLLET,112.0
1977,NOBLES,97.4
1977,NORMAN,59.3
1977,OTTER TAIL,68.1
1977,PENNINGTON,72.0
1977,PINE,79.2
1977,PIPESTONE,75.4
1977,POLK,61.8
1977,POPE,90.2
1977,RAMSEY,93.0
1977,RED LAKE,77.0
1977,REDWOOD,101.3
1977,RENVILLE,99.6
1977,RICE,103.1
1977,ROCK,106.1
1977,ROSEAU,61.0
1977,SCOTT,102.1
1977,SHERBURNE,83.6
1977,SIBLEY,112.0
1977,ST. LOUIS,
1977,STEARNS,94.2
1977,STEELE,114.5
1977,STEVENS,95.0
1977,SWIFT,92.9
1977,TODD,73.2
1977,TRAVERSE,74.5
1977,WADENA,75.8
1977,WASECA,123.9
1977,WASHINGTON,97.1
1977,WATONWAN,108.8
1977,WILKIN,63.1
1977,WRIGHT,98.6
1977,YELLOW MEDICINE,80.6
1978,AITKIN,73.0
1978,ANOKA,81.9
1978,BECKER,77.5
1978,BELTRAMI,74.0
1978,BENTON,81.4
1978,BIG STONE,85.1
1978,BLUE EARTH,120.0
1978,BROWN,107.2
1978,CARLTON,72.3
1978,CARVER,115.8
1978,CASS,54.0
1978,CHIPPEWA,93.3
1978,CHISAGO,77.4
1978,CLAY,77.0
1978,CLEARWATER,92.0
1978,COTTONWOOD,109.2
1978,CROW WING,60.0
1978,DOUGLAS,65.0
1978,FARIBAULT,120.4
1978,FREEBORN,117.0
1978,GRANT,82.3
1978,HENNEPIN,100.9
1978,HUBBARD,50.0
1978,ISANTI,86.8
1978,ITASCA,59.0
1978,JACKSON,114.1
1978,KANABEC,74.4
1978,KANDIYOHI,100.0
1978,KITTSON,62.0
1978,KOOCHICHING,69.0
1978,LAC QUI PARLE,80.2
1978,LAKE OF THE WOODS,57.0
1978,LE SUEUR,113.0
1978,LINCOLN,82.0
1978,LYON,88.0
1978,MAHNOMEN,80.0
1978,MARSHALL,60.0
1978,MARTIN,127.0
1978,MCLEOD,112.3
1978,MEEKER,100.6
1978,MILLE LACS,86.0
1978,MORRISON,76.0
1978,MURRAY,96.5
1978,NICOLLET,114.7
1978,NOBLES,103.1
1978,NORMAN,72.0
1978,OTTER TAIL,68.1
1978,PENNINGTON,64.0
1978,PINE,68.0
1978,PIPESTONE,79.5
1978,POLK,84.0
1978,POPE,85.0
1978,RAMSEY,90.0
1978,RED LAKE,93.0
1978,REDWOOD,107.9
1978,RENVILLE,110.6
1978,RICE,115.3
1978,ROCK,108.5
1978,ROSEAU,58.0
1978,SCOTT,119.7
1978,SHERBURNE,91.2
1978,SIBLEY,126.0
1978,ST. LOUIS,
1978,STEARNS,86.0
1978,STEELE,117.8
1978,STEVENS,99.0
1978,SWIFT,94.5
1978,TODD,78.0
1978,TRAVERSE,65.0
1978,WADENA,61.0
1978,WASECA,127.9
1978,WASHINGTON,96.9
1978,WATONWAN,117.4
1978,WILKIN,73.0
1978,WRIGHT,94.0
1978,YELLOW MEDICINE,87.4
1979,AITKIN,60.0
1979,ANOKA,82.0
1979,BECKER,69.0
1979,BELTRAMI,68.0
1979,BENTON,78.0
1979,BIG STONE,85.0
1979,BLUE EARTH,117.0
1979,BROWN,107.0
1979,CARLTON,60.0
1979,CARVER,107.0
1979,CASS,59.0
1979,CHIPPEWA,94.0
1979,CHISAGO,82.0
1979,CLAY,72.0
1979,CLEARWATER,65.0
1979,COTTONWOOD,103.0
1979,CROW WING,62.0
1979,DOUGLAS,69.0
1979,FARIBAULT,120.0
1979,FREEBORN,119.0
1979,GRANT,82.0
1979,HENNEPIN,95.0
1979,HUBBARD,70.0
1979,ISANTI,86.0
1979,ITASCA,59.0
1979,JACKSON,110.0
1979,KANABEC,70.0
1979,KANDIYOHI,94.0
1979,KITTSON,71.0
1979,KOOCHICHING,61.0
1979,LAC QUI PARLE,93.0
1979,LE SUEUR,116.0
1979,LINCOLN,80.0
1979,LYON,84.0
1979,MAHNOMEN,68.0
1979,MARSHALL,69.0
1979,MARTIN,114.0
1979,MCLEOD,108.0
1979,MEEKER,93.0
1979,MILLE LACS,79.0
1979,MORRISON,70.0
1979,MURRAY,93.0
1979,NICOLLET,112.0
1979,NOBLES,100.0
1979,NORMAN,68.0
1979,OTTER TAIL,68.0
1979,PENNINGTON,55.0
1979,PINE,78.0
1979,PIPESTONE,82.0
1979,POLK,69.0
1979,POPE,76.0
1979,RAMSEY,78.0
1979,RED LAKE,69.0
1979,REDWOOD,95.0
1979,RENVILLE,100.0
1979,RICE,116.0
1979,ROCK,107.0
1979,ROSEAU,67.0
1979,SCOTT,107.0
1979,SHERBURNE,91.0
1979,SIBLEY,111.0
1979,ST. LOUIS,
1979,STEARNS,79.0
1979,STEELE,115.0
1979,STEVENS,87.0
1979,SWIFT,87.0
1979,TODD,69.0
1979,TRAVERSE,67.0
1979,WADENA,70.0
1979,WASECA,124.0
1979,WASHINGTON,97.0
1979,WATONWAN,113.0
1979,WILKIN,68.0
1979,WRIGHT,93.0
1979,YELLOW MEDICINE,93.0
1980,AITKIN,99.0
1980,ANOKA,90.0
1980,BECKER,65.0
1980,BELTRAMI,68.0
1980,BENTON,83.0
1980,BIG STONE,72.0
1980,BLUE EARTH,105.0
1980,BROWN,105.0
1980,CARLTON,88.0
1980,CARVER,95.0
1980,CASS,86.0
1980,CHIPPEWA,76.0
1980,CHISAGO,87.0
1980,CLAY,71.0
1980,CLEARWATER,48.0
1980,COTTONWOOD,109.0
1980,CROW WING,68.0
1980,DOUGLAS,65.0
1980,FARIBAULT,125.0
1980,FREEBORN,110.0
1980,GRANT,80.0
1980,HENNEPIN,98.0
1980,HUBBARD,84.0
1980,ISANTI,86.0
1980,ITASCA,76.0
1980,JACKSON,121.0
1980,KANABEC,83.0
1980,KANDIYOHI,92.0
1980,KOOCHICHING,77.0
1980,LAC QUI PARLE,79.0
1980,LAKE OF THE WOODS,79.0
1980,LE SUEUR,71.0
1980,LINCOLN,77.0
1980,LYON,95.0
1980,MAHNOMEN,68.0
1980,MARSHALL,56.0
1980,MARTIN,130.0
1980,MCLEOD,104.0
1980,MEEKER,100.0
1980,MILLE LACS,98.0
1980,MORRISON,84.0
1980,MURRAY,92.0
1980,NICOLLET,100.0
1980,NOBLES,85.0
1980,NORMAN,40.0
1980,OTTER TAIL,68.0
1980,PENNINGTON,58.0
1980,PINE,84.0
1980,PIPESTONE,79.0
1980,POLK,52.0
1980,POPE,88.0
1980,RAMSEY,89.0
1980,RED LAKE,52.0
1980,REDWOOD,102.0
1980,RENVILLE,95.0
1980,RICE,83.0
1980,ROCK,102.0
1980,ROSEAU,42.0
1980,SCOTT,71.0
1980,SHERBURNE,95.0
1980,SIBLEY,98.0
1980,ST. LOUIS,89.0
1980,STEARNS,89.0
1980,STEELE,103.0
1980,STEVENS,96.0
1980,SWIFT,82.0
1980,TODD,77.0
1980,TRAVERSE,58.0
1980,WADENA,79.0
1980,WASECA,109.0
1980,WASHINGTON,97.0
1980,WATONWAN,115.0
1980,WILKIN,77.0
1980,WRIGHT,97.0
1980,YELLOW MEDICINE,95.0
1981,AITKIN,110.0
1981,ANOKA,82.0
1981,BECKER,80.0
1981,BELTRAMI,68.0
1981,BENTON,93.0
1981,BIG STONE,85.0
1981,BLUE EARTH,85.0
1981,BROWN,106.0
1981,CARLTON,83.0
1981,CARVER,117.0
1981,CASS,80.0
1981,CHIPPEWA,97.0
1981,CHISAGO,82.0
1981,CLAY,96.0
1981,CLEARWATER,72.0
1981,COTTONWOOD,121.0
1981,CROW WING,67.0
1981,DOUGLAS,93.0
1981,FARIBAULT,119.0
1981,FREEBORN,122.0
1981,GRANT,89.0
1981,HENNEPIN,110.0
1981,HUBBARD,73.0
1981,ISANTI,84.0
1981,ITASCA,80.0
1981,JACKSON,131.0
1981,KANABEC,84.0
1981,KANDIYOHI,102.0
1981,KITTSON,69.0
1981,LAC QUI PARLE,89.0
1981,LAKE OF THE WOODS,73.0
1981,LE SUEUR,128.0
1981,LINCOLN,89.0
1981,LYON,92.0
1981,MAHNOMEN,88.0
1981,MARSHALL,65.0
1981,MARTIN,133.0
1981,MCLEOD,117.0
1981,MEEKER,104.0
1981,MILLE LACS,90.0
1981,MORRISON,85.0
1981,MURRAY,93.0
1981,NICOLLET,125.0
1981,NOBLES,116.0
1981,NORMAN,84.0
1981,OTTER TAIL,93.0
1981,PENNINGTON,67.0
1981,PINE,91.0
1981,PIPESTONE,77.0
1981,POLK,89.0
1981,POPE,99.0
1981,RAMSEY,101.0
1981,RED LAKE,70.0
1981,REDWOOD,111.0
1981,RENVILLE,117.0
1981,RICE,129.0
1981,ROCK,109.0
1981,ROSEAU,75.0
1981,SCOTT,127.0
1981,SHERBURNE,89.0
1981,SIBLEY,124.0
1981,STEARNS,93.0
1981,STEELE,124.0
1981,STEVENS,109.0
1981,SWIFT,105.0
1981,TODD,82.0
1981,TRAVERSE,80.0
1981,WADENA,77.0
1981,WASECA,128.0
1981,WASHINGTON,111.0
1981,WATONWAN,128.0
1981,WILKIN,93.0
1981,WRIGHT,104.0
1981,YELLOW MEDICINE,105.0
1982,AITKIN,57.0
1982,ANOKA,93.0
1982,BECKER,70.0
1982,BELTRAMI,57.0
1982,BENTON,99.0
1982,BIG STONE,83.0
1982,BLUE EARTH,136.0
1982,BROWN,123.0
1982,CARLTON,75.0
1982,CARVER,116.0
1982,CASS,80.0
1982,CHIPPEWA,115.0
1982,CHISAGO,84.0
1982,CLAY,84.0
1982,CLEARWATER,55.0
1982,COTTONWOOD,126.0
1982,CROW WING,64.0
1982,DOUGLAS,85.0
1982,FARIBAULT,137.0
1982,FREEBORN,126.0
1982,GRANT,90.0
1982,HENNEPIN,109.0
1982,HUBBARD,88.0
1982,ISANTI,89.0
1982,ITASCA,80.0
1982,JACKSON,130.0
1982,KANABEC,80.0
1982,KANDIYOHI,120.0
1982,KITTSON,56.0
1982,KOOCHICHING,68.0
1982,LAC QUI PARLE,92.0
1982,LAKE OF THE WOODS,73.0
1982,LE SUEUR,113.0
1982,LINCOLN,93.0
1982,LYON,116.0
1982,MAHNOMEN,57.0
1982,MARSHALL,68.0
1982,MARTIN,133.0
1982,MCLEOD,122.0
1982,MEEKER,115.0
1982,MILLE LACS,95.0
1982,MORRISON,73.0
1982,MURRAY,113.0
1982,NICOLLET,132.0
1982,NOBLES,111.0
1982,NORMAN,75.0
1982,OTTER TAIL,84.0
1982,PENNINGTON,53.0
1982,PINE,83.0
1982,PIPESTONE,99.0
1982,POLK,60.0
1982,POPE,102.0
1982,RAMSEY,88.0
1982,RED LAKE,70.0
1982,REDWOOD,124.0
1982,RENVILLE,132.0
1982,RICE,116.0
1982,ROCK,107.0
1982,ROSEAU,50.0
1982,SCOTT,120.0
1982,SHERBURNE,101.0
1982,SIBLEY,125.0
1982,ST. LOUIS,68.0
1982,STEARNS,105.0
1982,STEELE,116.0
1982,STEVENS,101.0
1982,SWIFT,112.0
1982,TODD,82.0
1982,TRAVERSE,75.0
1982,WADENA,78.0
1982,WASECA,130.0
1982,WASHINGTON,84.0
1982,WATONWAN,138.0
1982,WILKIN,90.0
1982,WRIGHT,103.0
1982,YELLOW MEDICINE,118.7
1983,AITKIN,73.0
1983,ANOKA,82.0
1983,BECKER,58.0
1983,BELTRAMI,74.0
1983,BENTON,77.0
1983,BIG STONE,75.0
1983,BLUE EARTH,88.0
1983,BROWN,85.0
1983,CARLTON,94.0
1983,CARVER,90.0
1983,CASS,61.0
1983,CHIPPEWA,72.0
1983,CHISAGO,85.0
1983,CLAY,77.0
1983,CLEARWATER,68.0
1983,COTTONWOOD,81.0
1983,CROW WING,62.0
1983,DOUGLAS,65.0
1983,FARIBAULT,88.0
1983,FREEBORN,92.0
1983,GRANT,79.0
1983,HENNEPIN,81.0
1983,HUBBARD,91.0
1983,ISANTI,83.0
1983,ITASCA,81.0
1983,JACKSON,88.0
1983,KANABEC,84.0
1983,KANDIYOHI,77.0
1983,KITTSON,47.0
1983,KOOCHICHING,74.0
1983,LAC QUI PARLE,65.0
1983,LAKE OF THE WOODS,32.0
1983,LE SUEUR,91.0
1983,LINCOLN,63.0
1983,LYON,69.0
1983,MAHNOMEN,64.0
1983,MARSHALL,60.0
1983,MARTIN,89.0
1983,MCLEOD,96.0
1983,MEEKER,77.0
1983,MILLE LACS,77.0
1983,MORRISON,80.0
1983,MURRAY,80.0
1983,NICOLLET,93.0
1983,NOBLES,80.0
1983,NORMAN,71.0
1983,OTTER TAIL,70.0
1983,PENNINGTON,57.0
1983,PINE,83.0
1983,PIPESTONE,68.0
1983,POLK,65.0
1983,POPE,80.0
1983,RAMSEY,97.0
1983,RED LAKE,53.0
1983,REDWOOD,82.0
1983,RENVILLE,90.0
1983,RICE,92.0
1983,ROCK,73.0
1983,ROSEAU,50.0
1983,SCOTT,85.0
1983,SHERBURNE,77.0
1983,SIBLEY,96.0
1983,ST. LOUIS,60.0
1983,STEARNS,74.0
1983,STEELE,89.0
1983,STEVENS,85.0
1983,SWIFT,76.0
1983,TODD,81.0
1983,TRAVERSE,64.0
1983,WADENA,51.0
1983,WASECA,89.0
1983,WASHINGTON,88.0
1983,WATONWAN,91.0
1983,WILKIN,67.0
1983,WRIGHT,77.0
1983,YELLOW MEDICINE,71.0
1984,AITKIN,53.0
1984,ANOKA,86.0
1984,BECKER,58.0
1984,BELTRAMI,47.0
1984,BENTON,90.0
1984,BIG STONE,87.0
1984,BLUE EARTH,129.0
1984,BROWN,122.0
1984,CARLTON,70.0
1984,CARVER,116.0
1984,CASS,64.0
1984,CHIPPEWA,97.0
1984,CHISAGO,90.0
1984,CLAY,71.0
1984,CLEARWATER,68.0
1984,COTTONWOOD,119.0
1984,CROW WING,50.0
1984,DOUGLAS,77.0
1984,FARIBAULT,130.0
1984,FREEBORN,122.0
1984,GRANT,87.0
1984,HENNEPIN,96.0
1984,HUBBARD,88.0
1984,ISANTI,89.0
1984,ITASCA,80.0
1984,JACKSON,113.0
1984,KANABEC,76.0
1984,KANDIYOHI,97.0
1984,KITTSON,63.0
1984,KOOCHICHING,70.0
1984,LAC QUI PARLE,85.0
1984,LAKE OF THE WOODS,60.0
1984,LE SUEUR,124.0
1984,LINCOLN,78.0
1984,LYON,95.0
1984,MAHNOMEN,69.0
1984,MARSHALL,52.0
1984,MARTIN,127.0
1984,MCLEOD,112.0
1984,MEEKER,103.0
1984,MILLE LACS,83.0
1984,MORRISON,76.0
1984,MURRAY,92.0
1984,NICOLLET,137.0
1984,NOBLES,99.0
1984,NORMAN,62.0
1984,OTTER TAIL,64.0
1984,PENNINGTON,54.0
1984,PINE,75.0
1984,PIPESTONE,84.0
1984,POLK,67.0
1984,POPE,88.0
1984,RAMSEY,105.0
1984,RED LAKE,57.0
1984,REDWOOD,112.0
1984,RENVILLE,114.0
1984,RICE,120.0
1984,ROCK,105.0
1984,ROSEAU,61.0
1984,SCOTT,117.0
1984,SHERBURNE,96.0
1984,SIBLEY,124.0
1984,ST. LOUIS,40.0
1984,STEARNS,97.0
1984,STEELE,115.0
1984,STEVENS,105.0
1984,SWIFT,98.0
1984,TODD,83.0
1984,TRAVERSE,95.0
1984,WADENA,56.0
1984,WASECA,127.0
1984,WASHINGTON,108.0
1984,WATONWAN,135.0
1984,WILKIN,69.0
1984,WRIGHT,97.0
1984,YELLOW MEDICINE,93.0
1985,AITKIN,60.0
1985,ANOKA,94.0
1985,BECKER,59.0
1985,BELTRAMI,48.0
1985,BENTON,97.0
1985,BIG STONE,100.0
1985,BLUE EARTH,133.0
1985,BROWN,133.0
1985,CARLTON,
1985,CARVER,119.0
1985,CASS,50.0
1985,CHIPPEWA,119.0
1985,CHISAGO,95.0
1985,CLAY,75.0
1985,CLEARWATER,55.0
1985,COTTONWOOD,126.0
1985,CROW WING,63.0
1985,DOUGLAS,85.0
1985,FARIBAULT,140.0
1985,FREEBORN,125.0
1985,GRANT,86.0
1985,HENNEPIN,119.0
1985,HUBBARD,60.0
1985,ISANTI,93.0
1985,ITASCA,60.0
1985,JACKSON,124.0
1985,KANABEC,90.0
1985,KANDIYOHI,110.0
1985,KITTSON,50.0
1985,KOOCHICHING,55.0
1985,LAC QUI PARLE,113.0
1985,LAKE OF THE WOODS,44.0
1985,LE SUEUR,128.0
1985,LINCOLN,106.0
1985,LYON,115.0
1985,MAHNOMEN,55.0
1985,MARSHALL,48.0
1985,MARTIN,141.0
1985,MCLEOD,122.0
1985,MEEKER,116.0
1985,MILLE LACS,89.0
1985,MORRISON,94.0
1985,MURRAY,114.0
1985,NICOLLET,137.0
1985,NOBLES,112.0
1985,NORMAN,58.0
1985,OTTER TAIL,77.0
1985,PENNINGTON,53.0
1985,PINE,79.0
1985,PIPESTONE,105.0
1985,POLK,62.0
1985,POPE,91.0
1985,RAMSEY,120.0
1985,RED LAKE,45.0
1985,REDWOOD,128.0
1985,RENVILLE,130.0
1985,RICE,111.0
1985,ROCK,110.0
1985,ROSEAU,45.0
1985,SCOTT,118.0
1985,SHERBURNE,112.0
1985,SIBLEY,134.0
1985,ST. LOUIS,64.0
1985,STEARNS,100.0
1985,STEELE,116.0
1985,STEVENS,99.0
1985,SWIFT,105.0
1985,TODD,82.0
1985,TRAVERSE,101.0
1985,WADENA,71.0
1985,WASECA,129.0
1985,WASHINGTON,118.0
1985,WATONWAN,138.0
1985,WILKIN,86.0
1985,WRIGHT,112.0
1985,YELLOW MEDICINE,120.0
1986,AITKIN,83.0
1986,ANOKA,93.0
1986,BECKER,83.0
1986,BELTRAMI,86.0
1986,BENTON,107.0
1986,BIG STONE,87.0
1986,BLUE EARTH,137.0
1986,BROWN,135.0
1986,CARLTON,70.0
1986,CARVER,123.0
1986,CASS,83.0
1986,CHIPPEWA,104.0
1986,CHISAGO,103.0
1986,CLAY,96.0
1986,CLEARWATER,72.0
1986,COTTONWOOD,138.0
1986,CROW WING,90.0
1986,DOUGLAS,89.0
1986,FARIBAULT,143.0
1986,FREEBORN,134.0
1986,GRANT,99.0
1986,HENNEPIN,118.0
1986,HUBBARD,95.0
1986,ISANTI,107.0
1986,JACKSON,134.0
1986,KANABEC,104.0
1986,KANDIYOHI,109.0
1986,KITTSON,74.0
1986,KOOCHICHING,90.0
1986,LAC QUI PARLE,113.0
1986,LE SUEUR,136.0
1986,LINCOLN,92.0
1986,LYON,118.0
1986,MAHNOMEN,81.0
1986,MARSHALL,77.0
1986,MARTIN,146.0
1986,MCLEOD,121.0
1986,MEEKER,109.0
1986,MILLE LACS,96.0
1986,MORRISON,96.0
1986,MURRAY,122.0
1986,NICOLLET,138.0
1986,NOBLES,111.0
1986,NORMAN,83.0
1986,OTHER (COMBINED) COUNTIES,75.0
1986,OTHER (COMBINED) COUNTIES,89.7
1986,OTTER TAIL,99.0
1986,PENNINGTON,69.0
1986,PINE,92.0
1986,PIPESTONE,101.0
1986,POLK,84.0
1986,POPE,102.0
1986,RAMSEY,103.0
1986,RED LAKE,71.0
1986,REDWOOD,132.0
1986,RENVILLE,129.0
1986,RICE,139.0
1986,ROCK,127.0
1986,ROSEAU,60.0
1986,SCOTT,137.0
1986,SHERBURNE,127.0
1986,SIBLEY,133.0
1986,STEARNS,105.0
1986,STEELE,130.0
1986,STEVENS,110.0
1986,SWIFT,106.0
1986,TODD,96.0
1986,TRAVERSE,98.0
1986,WADENA,93.0
1986,WASECA,134.0
1986,WASHINGTON,132.0
1986,WATONWAN,141.0
1986,WILKIN,89.0
1986,WRIGHT,111.0
1986,YELLOW MEDICINE,119.0
1987,AITKIN,101.0
1987,ANOKA,103.0
1987,BECKER,90.0
1987,BELTRAMI,92.0
1987,BENTON,113.0
1987,BIG STONE,93.0
1987,BLUE EARTH,142.0
1987,BROWN,137.0
1987,CARVER,133.0
1987,CASS,100.0
1987,CHIPPEWA,123.0
1987,CHISAGO,108.0
1987,CLAY,105.0
1987,CLEARWATER,85.0
1987,COTTONWOOD,130.0
1987,CROW WING,97.0
1987,DOUGLAS,102.0
1987,FARIBAULT,142.0
1987,FREEBORN,143.0
1987,GRANT,107.0
1987,HENNEPIN,127.0
1987,HUBBARD,101.0
1987,ISANTI,105.0
1987,ITASCA,84.0
1987,JACKSON,140.0
1987,KANABEC,90.0
1987,KANDIYOHI,124.0
1987,KITTSON,85.0
1987,LAC QUI PARLE,105.0
1987,LE SUEUR,136.0
1987,LINCOLN,112.0
1987,LYON,125.0
1987,MAHNOMEN,96.0
1987,MARSHALL,80.0
1987,MARTIN,142.0
1987,MCLEOD,142.0
1987,MEEKER,119.0
1987,MILLE LACS,100.0
1987,MORRISON,89.0
1987,MURRAY,125.0
1987,NICOLLET,143.0
1987,NOBLES,126.0
1987,NORMAN,97.0
1987,OTHER (COMBINED) COUNTIES,50.0
1987,OTHER (COMBINED) COUNTIES,100.7
1987,OTHER (COMBINED) COUNTIES,88.3
1987,OTTER TAIL,93.0
1987,PENNINGTON,94.0
1987,PINE,99.0
1987,PIPESTONE,117.0
1987,POLK,104.0
1987,POPE,113.0
1987,RED LAKE,97.0
1987,REDWOOD,130.0
1987,RENVILLE,145.0
1987,RICE,139.0
1987,ROCK,129.0
1987,ROSEAU,88.0
1987,SCOTT,123.0
1987,SHERBURNE,108.0
1987,SIBLEY,138.0
1987,STEARNS,112.0
1987,STEELE,140.0
1987,STEVENS,118.0
1987,SWIFT,117.0
1987,TODD,104.0
1987,TRAVERSE,90.0
1987,WADENA,85.0
1987,WASECA,141.0
1987,WASHINGTON,136.0
1987,WATONWAN,140.0
1987,WILKIN,97.0
1987,WRIGHT,105.0
1987,YELLOW MEDICINE,117.0
1988,AITKIN,88.0
1988,ANOKA,36.0
1988,BECKER,81.0
1988,BELTRAMI,74.0
1988,BENTON,83.0
1988,BIG STONE,38.0
1988,BLUE EARTH,90.0
1988,BROWN,71.0
1988,CARLTON,79.0
1988,CARVER,40.0
1988,CASS,73.0
1988,CHIPPEWA,47.0
1988,CHISAGO,46.0
1988,CLAY,65.0
1988,CLEARWATER,64.0
1988,COTTONWOOD,84.0
1988,CROW WING,37.0
1988,DOUGLAS,36.0
1988,FARIBAULT,108.0
1988,FREEBORN,104.0
1988,GRANT,63.0
1988,HENNEPIN,35.0
1988,HUBBARD,64.0
1988,ISANTI,66.0
1988,ITASCA,83.0
1988,JACKSON,99.0
1988,KANABEC,59.0
1988,KANDIYOHI,63.0
1988,KITTSON,35.0
1988,KOOCHICHING,82.0
1988,LAC QUI PARLE,38.0
1988,LAKE OF THE WOODS,59.0
1988,LE SUEUR,70.0
1988,LINCOLN,51.0
1988,LYON,56.0
1988,MAHNOMEN,73.0
1988,MARSHALL,40.0
1988,MARTIN,106.0
1988,MCLEOD,74.0
1988,MEEKER,56.0
1988,MILLE LACS,45.0
1988,MORRISON,52.0
1988,MURRAY,81.0
1988,NICOLLET,64.0
1988,NOBLES,90.0
1988,NORMAN,72.0
1988,OTTER TAIL,56.0
1988,PENNINGTON,51.0
1988,PINE,42.0
1988,PIPESTONE,53.0
1988,POLK,69.0
1988,POPE,63.0
1988,RAMSEY,77.0
1988,RED LAKE,56.0
1988,REDWOOD,65.0
1988,RENVILLE,60.0
1988,RICE,74.0
1988,ROCK,81.0
1988,ROSEAU,62.0
1988,SCOTT,73.0
1988,SHERBURNE,80.0
1988,SIBLEY,70.0
1988,ST. LOUIS,50.0
1988,STEARNS,66.0
1988,STEELE,86.0
1988,STEVENS,59.0
1988,SWIFT,72.0
1988,TODD,75.0
1988,TRAVERSE,36.0
1988,WADENA,57.0
1988,WASECA,95.0
1988,WASHINGTON,30.0
1988,WATONWAN,91.0
1988,WILKIN,67.0
1988,WRIGHT,47.0
1988,YELLOW MEDICINE,50.0
1989,AITKIN,75.0
1989,ANOKA,89.0
1989,BECKER,78.0
1989,BELTRAMI,88.0
1989,BENTON,99.0
1989,BIG STONE,116.0
1989,BLUE EARTH,138.0
1989,BROWN,140.0
1989,CARVER,145.0
1989,CASS,85.0
1989,CHIPPEWA,109.0
1989,CHISAGO,95.0
1989,CLAY,58.0
1989,CLEARWATER,85.0
1989,COTTONWOOD,134.0
1989,CROW WING,48.0
1989,DOUGLAS,67.0
1989,FARIBAULT,148.0
1989,FREEBORN,147.0
1989,GRANT,101.0
1989,HENNEPIN,115.0
1989,HUBBARD,108.0
1989,ISANTI,93.0
1989,JACKSON,139.0
1989,KANABEC,65.0
1989,KANDIYOHI,108.0
1989,KITTSON,75.0
1989,LAC QUI PARLE,118.0
1989,LE SUEUR,142.0
1989,LINCOLN,113.0
1989,LYON,114.0
1989,MAHNOMEN,64.0
1989,MARSHALL,54.0
1989,MARTIN,147.0
1989,MCLEOD,134.0
1989,MEEKER,101.0
1989,MILLE LACS,78.0
1989,MORRISON,64.0
1989,MURRAY,120.0
1989,NICOLLET,149.0
1989,NOBLES,135.0
1989,NORMAN,63.0
1989,OTHER (COMBINED) COUNTIES,63.7
1989,OTHER (COMBINED) COUNTIES,85.0
1989,OTHER (COMBINED) COUNTIES,
1989,OTTER TAIL,87.0
1989,PENNINGTON,67.0
1989,PINE,70.0
1989,PIPESTONE,108.0
1989,POLK,55.0
1989,POPE,104.0
1989,RED LAKE,66.0
1989,REDWOOD,133.0
1989,RENVILLE,136.0
1989,RICE,142.0
1989,ROCK,129.0
1989,ROSEAU,54.0
1989,SCOTT,140.0
1989,SHERBURNE,115.0
1989,SIBLEY,140.0
1989,STEARNS,78.0
1989,STEELE,136.0
1989,STEVENS,126.0
1989,SWIFT,120.0
1989,TODD,80.0
1989,TRAVERSE,109.0
1989,WADENA,71.0
1989,WASECA,134.0
1989,WASHINGTON,125.0
1989,WATONWAN,138.0
1989,WILKIN,85.0
1989,WRIGHT,107.0
1989,YELLOW MEDICINE,114.0
1990,AITKIN,73.0
1990,ANOKA,95.0
1990,BECKER,72.0
1990,BELTRAMI,70.0
1990,BENTON,115.0
1990,BIG STONE,101.0
1990,BLUE EARTH,137.0
1990,BROWN,132.0
1990,CARVER,127.0
1990,CASS,65.0
1990,CHIPPEWA,122.0
1990,CHISAGO,102.0
1990,CLAY,82.0
1990,CLEARWATER,78.0
1990,COTTONWOOD,124.0
1990,CROW WING,81.0
1990,DOUGLAS,92.0
1990,FARIBAULT,141.0
1990,FREEBORN,140.0
1990,GRANT,93.0
1990,HENNEPIN,117.0
1990,HUBBARD,112.0
1990,ISANTI,104.0
1990,JACKSON,133.0
1990,KANABEC,102.0
1990,KANDIYOHI,123.0
1990,KITTSON,58.0
1990,LAC QUI PARLE,114.0
1990,LE SUEUR,137.0
1990,LINCOLN,110.0
1990,LYON,114.0
1990,MAHNOMEN,66.0
1990,MARSHALL,51.0
1990,MARTIN,138.0
1990,MCLEOD,124.0
1990,MEEKER,118.0
1990,MILLE LACS,95.0
1990,MORRISON,98.0
1990,MURRAY,114.0
1990,NICOLLET,139.0
1990,NOBLES,123.0
1990,NORMAN,70.0
1990,OTHER (COMBINED) COUNTIES,129.0
1990,OTHER (COMBINED) COUNTIES,94.0
1990,OTHER (COMBINED) COUNTIES,73.8
1990,OTTER TAIL,88.0
1990,PENNINGTON,69.0
1990,PINE,92.0
1990,PIPESTONE,110.0
1990,POLK,69.0
1990,POPE,112.0
1990,RED LAKE,71.0
1990,REDWOOD,128.0
1990,RENVILLE,133.0
1990,RICE,138.0
1990,ROCK,118.0
1990,ROSEAU,89.0
1990,SCOTT,133.0
1990,SHERBURNE,112.0
1990,SIBLEY,130.0
1990,STEARNS,114.0
1990,STEELE,136.0
1990,STEVENS,114.0
1990,SWIFT,116.0
1990,TODD,94.0
1990,TRAVERSE,111.0
1990,WADENA,75.0
1990,WASECA,135.0
1990,WASHINGTON,124.0
1990,WATONWAN,134.0
1990,WILKIN,78.0
1990,WRIGHT,122.0
1990,YELLOW MEDICINE,119.0
1991,AITKIN,80.0
1991,ANOKA,110.0
1991,BECKER,95.0
1991,BELTRAMI,86.0
1991,BENTON,90.0
1991,BIG STONE,110.0
1991,BLUE EARTH,120.0
1991,BROWN,125.0
1991,CARLTON,85.0
1991,CARVER,119.0
1991,CASS,85.0
1991,CHIPPEWA,115.0
1991,CHISAGO,93.0
1991,CLAY,104.0
1991,CLEARWATER,95.0
1991,COTTONWOOD,120.0
1991,CROW WING,81.0
1991,DOUGLAS,110.0
1991,FARIBAULT,129.0
1991,FREEBORN,128.0
1991,GRANT,113.0
1991,HENNEPIN,106.0
1991,HUBBARD,90.0
1991,ISANTI,96.0
1991,JACKSON,120.0
1991,KANABEC,96.0
1991,KANDIYOHI,120.0
1991,KITTSON,85.0
1991,KOOCHICHING,86.0
1991,LAC QUI PARLE,115.0
1991,LE SUEUR,120.0
1991,LINCOLN,120.0
1991,LYON,122.0
1991,MAHNOMEN,96.0
1991,MARSHALL,95.0
1991,MARTIN,120.0
1991,MCLEOD,124.0
1991,MEEKER,124.0
1991,MILLE LACS,96.0
1991,MORRISON,92.0
1991,MURRAY,121.0
1991,NICOLLET,130.0
1991,NOBLES,120.0
1991,NORMAN,100.0
1991,OTHER (COMBINED) COUNTIES,87.5
1991,OTHER (COMBINED) COUNTIES,85.0
1991,OTTER TAIL,105.0
1991,PENNINGTON,94.0
1991,PINE,90.0
1991,PIPESTONE,115.0
1991,POLK,94.0
1991,POPE,112.0
1991,RED LAKE,95.0
1991,REDWOOD,125.0
1991,RENVILLE,131.0
1991,RICE,125.0
1991,ROCK,106.0
1991,ROSEAU,91.0
1991,SCOTT,125.0
1991,SHERBURNE,124.0
1991,SIBLEY,127.0
1991,STEARNS,120.0
1991,STEELE,130.0
1991,STEVENS,115.0
1991,SWIFT,120.0
1991,TODD,86.0
1991,TRAVERSE,105.0
1991,WADENA,85.0
1991,WASECA,122.0
1991,WASHINGTON,120.0
1991,WATONWAN,120.0
1991,WILKIN,104.0
1991,WRIGHT,118.0
1991,YELLOW MEDICINE,120.0
1992,AITKIN,60.0
1992,ANOKA,79.0
1992,BECKER,47.0
1992,BELTRAMI,34.0
1992,BENTON,74.0
1992,BIG STONE,102.0
1992,BLUE EARTH,142.0
1992,BROWN,139.0
1992,CARLTON,41.0
1992,CARVER,120.0
1992,CASS,45.0
1992,CHIPPEWA,109.0
1992,CHISAGO,87.0
1992,CLAY,62.0
1992,CLEARWATER,46.0
1992,COTTONWOOD,129.0
1992,CROW WING,51.0
1992,DOUGLAS,83.0
1992,FARIBAULT,143.0
1992,FREEBORN,136.0
1992,GRANT,87.0
1992,HENNEPIN,105.0
1992,HUBBARD,55.0
1992,ISANTI,79.0
1992,JACKSON,117.0
1992,KANABEC,92.0
1992,KANDIYOHI,103.0
1992,KITTSON,35.0
1992,KOOCHICHING,50.0
1992,LAC QUI PARLE,107.0
1992,LE SUEUR,125.0
1992,LINCOLN,105.0
1992,LYON,121.0
1992,MAHNOMEN,40.0
1992,MARSHALL,51.0
1992,MARTIN,144.0
1992,MCLEOD,126.0
1992,MEEKER,110.0
1992,MILLE LACS,88.0
1992,MORRISON,64.0
1992,MURRAY,113.0
1992,NICOLLET,139.0
1992,NOBLES,114.0
1992,NORMAN,45.0
1992,OTHER (COMBINED) COUNTIES,40.0
1992,OTTER TAIL,78.0
1992,PENNINGTON,37.0
1992,PINE,76.0
1992,PIPESTONE,104.0
1992,POLK,39.0
1992,POPE,103.0
1992,RED LAKE,34.0
1992,REDWOOD,131.0
1992,RENVILLE,125.0
1992,RICE,131.0
1992,ROCK,115.0
1992,ROSEAU,33.0
1992,SCOTT,120.0
1992,SHERBURNE,91.0
1992,SIBLEY,126.0
1992,STEARNS,105.0
1992,STEELE,116.0
1992,STEVENS,105.0
1992,SWIFT,103.0
1992,TODD,58.0
1992,TRAVERSE,102.0
1992,WADENA,52.0
1992,WASECA,133.0
1992,WASHINGTON,91.0
1992,WATONWAN,146.0
1992,WILKIN,74.0
1992,WRIGHT,114.0
1992,YELLOW MEDICINE,111.0
1993,ANOKA,72.0
1993,BECKER,23.0
1993,BENTON,56.0
1993,BIG STONE,53.0
1993,BLUE EARTH,90.0
1993,BROWN,78.0
1993,CARVER,90.0
1993,CASS,20.0
1993,CHIPPEWA,58.0
1993,CHISAGO,54.0
1993,CLAY,45.0
1993,CLEARWATER,13.0
1993,COTTONWOOD,56.0
1993,CROW WING,41.0
1993,DOUGLAS,29.0
1993,FARIBAULT,81.0
1993,FREEBORN,75.0
1993,GRANT,60.0
1993,HENNEPIN,77.0
1993,HUBBARD,19.0
1993,ISANTI,64.0
1993,JACKSON,61.0
1993,KANABEC,57.0
1993,KANDIYOHI,61.0
1993,LAC QUI PARLE,70.0
1993,LE SUEUR,86.0
1993,LINCOLN,27.0
1993,LYON,62.0
1993,MAHNOMEN,7.0
1993,MARSHALL,11.0
1993,MARTIN,72.0
1993,MCLEOD,77.0
1993,MEEKER,68.0
1993,MILLE LACS,71.0
1993,MORRISON,39.0
1993,MURRAY,43.0
1993,NICOLLET,96.0
1993,NOBLES,43.0
1993,NORMAN,29.0
1993,OTHER (COMBINED) COUNTIES,10.0
1993,OTHER (COMBINED) COUNTIES,30.3
1993,OTTER TAIL,44.0
1993,PENNINGTON,29.0
1993,PINE,50.0
1993,PIPESTONE,33.0
1993,POLK,42.0
1993,POPE,58.0
1993,RED LAKE,36.0
1993,REDWOOD,67.0
1993,RENVILLE,73.0
1993,RICE,87.0
1993,ROCK,62.0
1993,ROSEAU,10.0
1993,SCOTT,84.0
1993,SHERBURNE,78.0
1993,SIBLEY,82.0
1993,STEARNS,57.0
1993,STEELE,52.0
1993,STEVENS,67.0
1993,SWIFT,73.0
1993,TODD,35.0
1993,TRAVERSE,67.0
1993,WADENA,40.0
1993,WASECA,82.0
1993,WASHINGTON,114.0
1993,WATONWAN,86.0
1993,WILKIN,50.0
1993,WRIGHT,86.0
1993,YELLOW MEDICINE,67.0
1994,AITKIN,109.0
1994,ANOKA,120.0
1994,BECKER,100.0
1994,BELTRAMI,77.0
1994,BENTON,127.0
1994,BIG STONE,123.0
1994,BLUE EARTH,147.0
1994,BROWN,152.0
1994,CARVER,159.0
1994,CASS,90.0
1994,CHIPPEWA,147.0
1994,CHISAGO,106.0
1994,CLAY,106.0
1994,CLEARWATER,74.0
1994,COTTONWOOD,140.0
1994,CROW WING,100.0
1994,DOUGLAS,114.0
1994,FARIBAULT,148.0
1994,FREEBORN,153.0
1994,GRANT,123.0
1994,HENNEPIN,140.0
1994,HUBBARD,110.0
1994,ISANTI,134.0
1994,JACKSON,138.0
1994,KANABEC,116.0
1994,KANDIYOHI,156.0
1994,KITTSON,77.0
1994,LAC QUI PARLE,134.0
1994,LE SUEUR,148.0
1994,LINCOLN,131.0
1994,LYON,144.0
1994,MAHNOMEN,100.0
1994,MARSHALL,70.0
1994,MARTIN,147.0
1994,MCLEOD,149.0
1994,MEEKER,130.0
1994,MILLE LACS,113.0
1994,MORRISON,124.0
1994,MURRAY,138.0
1994,NICOLLET,157.0
1994,NOBLES,138.0
1994,NORMAN,95.0
1994,OTHER (COMBINED) COUNTIES,71.0
1994,OTTER TAIL,115.0
1994,PENNINGTON,72.0
1994,PINE,123.0
1994,PIPESTONE,132.0
1994,POLK,90.0
1994,POPE,123.0
1994,RED LAKE,64.0
1994,REDWOOD,150.0
1994,RENVILLE,156.0
1994,RICE,156.0
1994,ROCK,144.0
1994,ROSEAU,80.0
1994,SCOTT,138.0
1994,SHERBURNE,121.0
1994,SIBLEY,156.0
1994,STEARNS,128.0
1994,STEELE,151.0
1994,STEVENS,135.0
1994,SWIFT,142.0
1994,TODD,112.0
1994,TRAVERSE,116.0
1994,WADENA,106.0
1994,WASECA,151.0
1994,WASHINGTON,135.0
1994,WATONWAN,148.0
1994,WILKIN,112.0
1994,WRIGHT,135.0
1994,YELLOW MEDICINE,141.0
1995,ANOKA,109.0
1995,BECKER,88.0
1995,BELTRAMI,83.0
1995,BENTON,116.0
1995,BIG STONE,99.0
1995,BLUE EARTH,129.0
1995,BROWN,128.0
1995,CARLTON,97.0
1995,CARVER,132.0
1995,CASS,87.0
1995,CHIPPEWA,114.0
1995,CHISAGO,101.0
1995,CLAY,86.0
1995,CLEARWATER,91.0
1995,COTTONWOOD,117.0
1995,CROW WING,79.0
1995,DOUGLAS,98.0
1995,FARIBAULT,136.0
1995,FREEBORN,131.0
1995,GRANT,105.0
1995,HENNEPIN,123.0
1995,HUBBARD,93.0
1995,ISANTI,104.0
1995,JACKSON,123.0
1995,KANABEC,97.0
1995,KANDIYOHI,124.0
1995,KITTSON,77.0
1995,LAC QUI PARLE,107.0
1995,LE SUEUR,136.0
1995,LINCOLN,101.0
1995,LYON,109.0
1995,MAHNOMEN,84.0
1995,MARSHALL,86.0
1995,MARTIN,135.0
1995,MCLEOD,133.0
1995,MEEKER,122.0
1995,MILLE LACS,91.0
1995,MORRISON,106.0
1995,MURRAY,111.0
1995,NICOLLET,140.0
1995,NOBLES,115.0
1995,NORMAN,86.0
1995,OTHER (COMBINED) COUNTIES,96.0
1995,OTHER (COMBINED) COUNTIES,79.0
1995,OTTER TAIL,94.0
1995,PENNINGTON,84.0
1995,PINE,98.0
1995,PIPESTONE,104.0
1995,POLK,88.0
1995,POPE,103.0
1995,RED LAKE,88.0
1995,REDWOOD,121.0
1995,RENVILLE,127.0
1995,RICE,129.0
1995,ROCK,110.0
1995,ROSEAU,81.0
1995,SCOTT,134.0
1995,SHERBURNE,117.0
1995,SIBLEY,131.0
1995,STEARNS,111.0
1995,STEELE,128.0
1995,STEVENS,102.0
1995,SWIFT,110.0
1995,TODD,97.0
1995,TRAVERSE,101.0
1995,WADENA,91.0
1995,WASECA,128.0
1995,WASHINGTON,124.0
1995,WATONWAN,128.0
1995,WILKIN,97.0
1995,WRIGHT,120.0
1995,YELLOW MEDICINE,113.0
1996,ANOKA,92.0
1996,BECKER,91.0
1996,BELTRAMI,74.0
1996,BENTON,96.0
1996,BIG STONE,111.0
1996,BLUE EARTH,140.0
1996,BROWN,143.0
1996,CARLTON,75.0
1996,CARVER,132.0
1996,CASS,90.0
1996,CHIPPEWA,130.0
1996,CHISAGO,96.0
1996,CLAY,97.0
1996,CLEARWATER,87.0
1996,COTTONWOOD,127.0
1996,CROW WING,87.0
1996,DOUGLAS,90.0
1996,FARIBAULT,140.0
1996,FREEBORN,134.0
1996,GRANT,112.0
1996,HENNEPIN,114.0
1996,HUBBARD,85.0
1996,ISANTI,87.0
1996,JACKSON,140.0
1996,KANABEC,56.0
1996,KANDIYOHI,121.0
1996,KITTSON,57.0
1996,LAC QUI PARLE,120.0
1996,LE SUEUR,129.0
1996,LINCOLN,108.0
1996,LYON,124.0
1996,MAHNOMEN,103.0
1996,MARSHALL,68.0
1996,MARTIN,148.0
1996,MCLEOD,133.0
1996,MEEKER,120.0
1996,MILLE LACS,84.0
1996,MORRISON,77.0
1996,MURRAY,115.0
1996,NICOLLET,147.0
1996,NOBLES,124.0
1996,NORMAN,95.0
1996,OTHER (COMBINED) COUNTIES,89.4
1996,OTHER (COMBINED) COUNTIES,93.6
1996,OTHER (COMBINED) COUNTIES,115.0
1996,OTTER TAIL,95.0
1996,PENNINGTON,60.0
1996,PINE,77.0
1996,PIPESTONE,115.0
1996,POLK,86.0
1996,POPE,110.0
1996,RED LAKE,88.0
1996,REDWOOD,137.0
1996,RENVILLE,140.0
1996,RICE,128.0
1996,ROCK,124.0
1996,ROSEAU,88.0
1996,SCOTT,120.0
1996,SHERBURNE,112.0
1996,SIBLEY,139.0
1996,STEARNS,107.0
1996,STEELE,133.0
1996,STEVENS,123.0
1996,SWIFT,122.0
1996,TODD,88.0
1996,TRAVERSE,118.0
1996,WADENA,90.0
1996,WASECA,134.0
1996,WASHINGTON,116.0
1996,WATONWAN,143.0
1996,WILKIN,111.0
1996,WRIGHT,114.0
1996,YELLOW MEDICINE,128.0
1997,ANOKA,103.0
1997,BECKER,92.0
1997,BELTRAMI,79.0
1997,BENTON,114.0
1997,BIG STONE,119.0
1997,BLUE EARTH,144.0
1997,BROWN,139.0
1997,CARLTON,105.0
1997,CARVER,128.0
1997,CASS,100.0
1997,CHIPPEWA,128.0
1997,CHISAGO,111.0
1997,CLAY,111.0
1997,CLEARWATER,80.0
1997,COTTONWOOD,130.0
1997,CROW WING,101.0
1997,DOUGLAS,113.0
1997,FARIBAULT,150.0
1997,FREEBORN,149.0
1997,GRANT,138.0
1997,HENNEPIN,130.0
1997,HUBBARD,119.0
1997,ISANTI,111.0
1997,ITASCA,86.0
1997,JACKSON,128.0
1997,KANABEC,106.0
1997,KANDIYOHI,124.0
1997,KITTSON,91.0
1997,LAC QUI PARLE,124.0
1997,LE SUEUR,143.0
1997,LINCOLN,101.0
1997,LYON,122.0
1997,MAHNOMEN,102.0
1997,MARSHALL,79.0
1997,MARTIN,149.0
1997,MCLEOD,126.0
1997,MEEKER,122.0
1997,MILLE LACS,110.0
1997,MORRISON,117.0
1997,MURRAY,115.0
1997,NICOLLET,147.0
1997,NOBLES,114.0
1997,NORMAN,84.0
1997,OTHER (COMBINED) COUNTIES,95.5
1997,OTHER (COMBINED) COUNTIES,86.5
1997,OTHER (COMBINED) COUNTIES,96.0
1997,OTTER TAIL,111.0
1997,PENNINGTON,83.0
1997,PINE,113.0
1997,PIPESTONE,103.0
1997,POLK,89.0
1997,POPE,132.0
1997,RED LAKE,93.0
1997,REDWOOD,134.0
1997,RENVILLE,133.0
1997,RICE,144.0
1997,ROCK,124.0
1997,ROSEAU,94.0
1997,SCOTT,140.0
1997,SHERBURNE,123.0
1997,SIBLEY,140.0
1997,STEARNS,124.0
1997,STEELE,143.0
1997,STEVENS,141.0
1997,SWIFT,127.0
1997,TODD,111.0
1997,TRAVERSE,135.0
1997,WADENA,107.0
1997,WASECA,148.0
1997,WASHINGTON,145.0
1997,WATONWAN,146.0
1997,WILKIN,117.0
1997,WRIGHT,128.0
1997,YELLOW MEDICINE,126.0
1998,ANOKA,116.0
1998,BECKER,90.0
1998,BELTRAMI,99.0
1998,BENTON,133.0
1998,BIG STONE,140.0
1998,BLUE EARTH,165.0
1998,BROWN,151.0
1998,CARLTON,116.0
1998,CARVER,170.0
1998,CASS,90.0
1998,CHIPPEWA,157.0
1998,CHISAGO,130.0
1998,CLAY,108.0
1998,CLEARWATER,107.0
1998,COTTONWOOD,161.0
1998,CROW WING,92.0
1998,DOUGLAS,129.0
1998,FARIBAULT,160.0
1998,FREEBORN,157.0
1998,GRANT,152.0
1998,HENNEPIN,146.0
1998,HUBBARD,134.0
1998,ISANTI,126.0
1998,ITASCA,92.0
1998,JACKSON,159.0
1998,KANABEC,121.0
1998,KANDIYOHI,162.0
1998,KITTSON,95.0
1998,LAC QUI PARLE,145.0
1998,LE SUEUR,154.0
1998,LINCOLN,145.0
1998,LYON,150.0
1998,MAHNOMEN,119.0
1998,MARSHALL,89.0
1998,MARTIN,164.0
1998,MCLEOD,162.0
1998,MEEKER,141.0
1998,MILLE LACS,133.0
1998,MORRISON,111.0
1998,MURRAY,153.0
1998,NICOLLET,163.0
1998,NOBLES,156.0
1998,NORMAN,96.0
1998,OTHER (COMBINED) COUNTIES,98.5
1998,OTHER (COMBINED) COUNTIES,97.0
1998,OTHER (COMBINED) COUNTIES,105.3
1998,OTTER TAIL,127.0
1998,PENNINGTON,100.0
1998,PINE,117.0
1998,PIPESTONE,149.0
1998,POLK,104.0
1998,POPE,155.0
1998,RED LAKE,106.0
1998,REDWOOD,152.0
1998,RENVILLE,164.0
1998,RICE,156.0
1998,ROCK,150.0
1998,ROSEAU,96.0
1998,SCOTT,151.0
1998,SHERBURNE,123.0
1998,SIBLEY,167.0
1998,STEARNS,143.0
1998,STEELE,171.0
1998,STEVENS,159.0
1998,SWIFT,152.0
1998,TODD,105.0
1998,TRAVERSE,147.0
1998,WADENA,107.0
1998,WASECA,165.0
1998,WASHINGTON,163.0
1998,WATONWAN,156.0
1998,WILKIN,119.0
1998,WRIGHT,145.0
1998,YELLOW MEDICINE,146.0
1999,AITKIN,100.0
1999,ANOKA,105.0
1999,BECKER,108.0
1999,BELTRAMI,90.0
1999,BENTON,130.0
1999,BIG STONE,139.0
1999,BLUE EARTH,157.0
1999,BROWN,162.0
1999,CARVER,161.0
1999,CASS,116.0
1999,CHIPPEWA,166.0
1999,CHISAGO,118.0
1999,CLAY,120.0
1999,CLEARWATER,97.0
1999,COTTONWOOD,153.0
1999,CROW WING,100.0
1999,DOUGLAS,131.0
1999,FARIBAULT,149.0
1999,FREEBORN,143.0
1999,GRANT,147.0
1999,HENNEPIN,132.0
1999,HUBBARD,145.0
1999,ISANTI,118.0
1999,JACKSON,148.0
1999,KANABEC,117.0
1999,KANDIYOHI,162.0
1999,KITTSON,75.0
1999,LAC QUI PARLE,142.0
1999,LE SUEUR,150.0
1999,LINCOLN,131.0
1999,LYON,144.0
1999,MAHNOMEN,102.0
1999,MARSHALL,72.0
1999,MARTIN,154.0
1999,MCLEOD,165.0
1999,MEEKER,147.0
1999,MILLE LACS,115.0
1999,MORRISON,127.0
1999,MURRAY,149.0
1999,NICOLLET,164.0
1999,NOBLES,143.0
1999,NORMAN,114.0
1999,OTHER (COMBINED) COUNTIES,107.0
1999,OTHER (COMBINED) COUNTIES,85.0
1999,OTHER (COMBINED) COUNTIES,114.0
1999,OTTER TAIL,138.0
1999,PENNINGTON,95.0
1999,PINE,108.0
1999,PIPESTONE,135.0
1999,POLK,110.0
1999,POPE,151.0
1999,RED LAKE,99.0
1999,REDWOOD,163.0
1999,RENVILLE,172.0
1999,RICE,154.0
1999,ROCK,153.0
1999,ROSEAU,62.0
1999,SCOTT,154.0
1999,SHERBURNE,126.0
1999,SIBLEY,170.0
1999,STEARNS,135.0
1999,STEELE,143.0
1999,STEVENS,153.0
1999,SWIFT,154.0
1999,TODD,110.0
1999,TRAVERSE,153.0
1999,WADENA,111.0
1999,WASECA,154.0
1999,WASHINGTON,135.0
1999,WATONWAN,161.0
1999,WILKIN,133.0
1999,WRIGHT,140.0
1999,YELLOW MEDICINE,148.0
2000,ANOKA,102.0
2000,BECKER,96.0
2000,BELTRAMI,98.0
2000,BENTON,102.0
2000,BIG STONE,141.0
2000,BLUE EARTH,148.0
2000,BROWN,154.0
2000,CARLTON,104.0
2000,CARVER,158.0
2000,CASS,81.0
2000,CHIPPEWA,155.0
2000,CHISAGO,109.0
2000,CLAY,109.0
2000,CLEARWATER,100.0
2000,COTTONWOOD,143.0
2000,CROW WING,106.0
2000,DOUGLAS,138.0
2000,FARIBAULT,152.0
2000,FREEBORN,146.0
2000,GRANT,148.0
2000,HENNEPIN,142.0
2000,HUBBARD,110.0
2000,ISANTI,111.0
2000,JACKSON,143.0
2000,KANABEC,106.0
2000,KANDIYOHI,152.0
2000,KITTSON,90.0
2000,LAC QUI PARLE,135.0
2000,LE SUEUR,154.0
2000,LINCOLN,138.0
2000,LYON,140.0
2000,MAHNOMEN,108.0
2000,MARSHALL,92.0
2000,MARTIN,156.0
2000,MCLEOD,160.0
2000,MEEKER,140.0
2000,MILLE LACS,102.0
2000,MORRISON,117.0
2000,MURRAY,140.0
2000,NICOLLET,160.0
2000,NOBLES,143.0
2000,NORMAN,98.0
2000,OTHER (COMBINED) COUNTIES,80.0
2000,OTHER (COMBINED) COUNTIES,78.3
2000,OTHER (COMBINED) COUNTIES,118.0
2000,OTTER TAIL,132.0
2000,PENNINGTON,96.0
2000,PINE,109.0
2000,PIPESTONE,131.0
2000,POLK,96.0
2000,POPE,153.0
2000,RED LAKE,96.0
2000,REDWOOD,152.0
2000,RENVILLE,158.0
2000,RICE,147.0
2000,ROCK,158.0
2000,ROSEAU,95.0
2000,SCOTT,154.0
2000,SHERBURNE,104.0
2000,SIBLEY,165.0
2000,STEARNS,127.0
2000,STEELE,147.0
2000,STEVENS,158.0
2000,SWIFT,155.0
2000,TODD,123.0
2000,TRAVERSE,151.0
2000,WADENA,100.0
2000,WASECA,146.0
2000,WASHINGTON,139.0
2000,WATONWAN,150.0
2000,WILKIN,124.0
2000,WRIGHT,135.0
2000,YELLOW MEDICINE,143.0
2001,ANOKA,109.0
2001,BECKER,110.0
2001,BELTRAMI,97.0
2001,BENTON,95.0
2001,BIG STONE,135.0
2001,BLUE EARTH,131.0
2001,BROWN,139.0
2001,CARLTON,90.0
2001,CARVER,131.0
2001,CASS,106.0
2001,CHIPPEWA,141.0
2001,CHISAGO,105.0
2001,CLAY,128.0
2001,CLEARWATER,95.0
2001,COTTONWOOD,124.0
2001,CROW WING,90.0
2001,DOUGLAS,117.0
2001,FARIBAULT,121.0
2001,FREEBORN,135.0
2001,GRANT,138.0
2001,HENNEPIN,129.0
2001,HUBBARD,105.0
2001,ISANTI,108.0
2001,JACKSON,118.0
2001,KANABEC,116.0
2001,KANDIYOHI,134.0
2001,KITTSON,95.0
2001,LAC QUI PARLE,131.0
2001,LE SUEUR,134.0
2001,LINCOLN,129.0
2001,LYON,133.0
2001,MAHNOMEN,117.0
2001,MARSHALL,96.0
2001,MARTIN,121.0
2001,MCLEOD,133.0
2001,MEEKER,125.0
2001,MILLE LACS,111.0
2001,MORRISON,103.0
2001,MURRAY,127.0
2001,NICOLLET,141.0
2001,NOBLES,111.0
2001,NORMAN,112.0
2001,OTHER (COMBINED) COUNTIES,85.0
2001,OTHER (COMBINED) COUNTIES,89.0
2001,OTHER (COMBINED) COUNTIES,99.7
2001,OTTER TAIL,119.0
2001,PENNINGTON,108.0
2001,PINE,99.0
2001,PIPESTONE,135.0
2001,POLK,113.0
2001,POPE,138.0
2001,RED LAKE,106.0
2001,REDWOOD,135.0
2001,RENVILLE,137.0
2001,RICE,135.0
2001,ROCK,130.0
2001,ROSEAU,102.0
2001,SCOTT,126.0
2001,SHERBURNE,113.0
2001,SIBLEY,135.0
2001,STEARNS,114.0
2001,STEELE,138.0
2001,STEVENS,137.0
2001,SWIFT,137.0
2001,TODD,104.0
2001,TRAVERSE,139.0
2001,WADENA,107.0
2001,WASECA,140.0
2001,WASHINGTON,115.0
2001,WATONWAN,134.0
2001,WILKIN,111.0
2001,WRIGHT,126.0
2001,YELLOW MEDICINE,137.0
2002,ANOKA,126.0
2002,BECKER,120.0
2002,BELTRAMI,102.0
2002,BENTON,127.0
2002,BIG STONE,146.0
2002,BLUE EARTH,163.0
2002,BROWN,152.0
2002,CARLTON,98.0
2002,CARVER,161.0
2002,CASS,131.0
2002,CHIPPEWA,169.0
2002,CHISAGO,138.0
2002,CLAY,130.0
2002,CLEARWATER,115.0
2002,COTTONWOOD,152.0
2002,CROW WING,119.0
2002,DOUGLAS,146.0
2002,FARIBAULT,170.0
2002,FREEBORN,173.0
2002,GRANT,162.0
2002,HENNEPIN,148.0
2002,HUBBARD,160.0
2002,ISANTI,130.0
2002,JACKSON,150.0
2002,KANABEC,137.0
2002,KANDIYOHI,166.0
2002,KITTSON,105.0
2002,LAC QUI PARLE,151.0
2002,LE SUEUR,157.0
2002,LINCOLN,139.0
2002,LYON,153.0
2002,MAHNOMEN,119.0
2002,MARSHALL,116.0
2002,MARTIN,172.0
2002,MCLEOD,163.0
2002,MEEKER,157.0
2002,MILLE LACS,127.0
2002,MORRISON,135.0
2002,MURRAY,143.0
2002,NICOLLET,162.0
2002,NOBLES,135.0
2002,NORMAN,114.0
2002,OTHER (COMBINED) COUNTIES,117.3
2002,OTHER (COMBINED) COUNTIES,104.0
2002,OTHER (COMBINED) COUNTIES,120.6
2002,OTTER TAIL,139.0
2002,PENNINGTON,123.0
2002,PINE,124.0
2002,PIPESTONE,136.0
2002,POLK,118.0
2002,POPE,164.0
2002,RED LAKE,117.0
2002,REDWOOD,155.0
2002,RENVILLE,169.0
2002,RICE,165.0
2002,ROCK,145.0
2002,ROSEAU,89.0
2002,SCOTT,163.0
2002,SHERBURNE,147.0
2002,SIBLEY,168.0
2002,STEARNS,155.0
2002,STEELE,167.0
2002,STEVENS,165.0
2002,SWIFT,170.0
2002,TODD,132.0
2002,TRAVERSE,161.0
2002,WADENA,128.0
2002,WASECA,165.0
2002,WASHINGTON,165.0
2002,WATONWAN,167.0
2002,WILKIN,135.0
2002,WRIGHT,143.0
2002,YELLOW MEDICINE,148.0
2003,ANOKA,86.0
2003,BECKER,101.0
2003,BELTRAMI,68.0
2003,BENTON,118.0
2003,BIG STONE,117.0
2003,BLUE EARTH,164.0
2003,BROWN,157.0
2003,CARLTON,80.0
2003,CARVER,145.0
2003,CASS,108.0
2003,CHIPPEWA,153.0
2003,CHISAGO,101.0
2003,CLAY,117.0
2003,CLEARWATER,107.0
2003,COTTONWOOD,147.0
2003,CROW WING,90.0
2003,DOUGLAS,128.0
2003,FARIBAULT,170.0
2003,FREEBORN,168.0
2003,GRANT,137.0
2003,HENNEPIN,122.0
2003,HUBBARD,131.0
2003,ISANTI,96.0
2003,JACKSON,152.0
2003,KANABEC,81.0
2003,KANDIYOHI,151.0
2003,KITTSON,115.0
2003,LAC QUI PARLE,123.0
2003,LE SUEUR,158.0
2003,LINCOLN,142.0
2003,LYON,140.0
2003,MAHNOMEN,116.0
2003,MARSHALL,112.0
2003,MARTIN,170.0
2003,MCLEOD,153.0
2003,MEEKER,137.0
2003,MILLE LACS,88.0
2003,MORRISON,85.0
2003,MURRAY,144.0
2003,NICOLLET,172.0
2003,NOBLES,141.0
2003,NORMAN,126.0
2003,OTHER (COMBINED) COUNTIES,60.0
2003,OTHER (COMBINED) COUNTIES,82.0
2003,OTHER (COMBINED) COUNTIES,111.5
2003,OTTER TAIL,132.0
2003,PENNINGTON,107.0
2003,PINE,92.0
2003,PIPESTONE,141.0
2003,POLK,107.0
2003,POPE,140.0
2003,RED LAKE,108.0
2003,REDWOOD,152.0
2003,RENVILLE,155.0
2003,RICE,155.0
2003,ROCK,146.0
2003,ROSEAU,115.0
2003,SCOTT,147.0
2003,SHERBURNE,128.0
2003,SIBLEY,159.0
2003,STEARNS,122.0
2003,STEELE,155.0
2003,STEVENS,154.0
2003,SWIFT,143.0
2003,TODD,101.0
2003,TRAVERSE,128.0
2003,WADENA,105.0
2003,WASECA,169.0
2003,WASHINGTON,120.0
2003,WATONWAN,166.0
2003,WILKIN,119.0
2003,WRIGHT,118.0
2003,YELLOW MEDICINE,141.0
2004,ANOKA,84.0
2004,BECKER,69.0
2004,BENTON,122.0
2004,BIG STONE,149.0
2004,BLUE EARTH,180.0
2004,BROWN,180.0
2004,CARVER,166.0
2004,CHIPPEWA,158.0
2004,CHISAGO,115.0
2004,CLAY,104.0
2004,COTTONWOOD,175.0
2004,CROW WING,81.0
2004,DOUGLAS,128.0
2004,FARIBAULT,182.0
2004,FREEBORN,177.0
2004,GRANT,145.0
2004,HENNEPIN,151.0
2004,HUBBARD,89.0
2004,ISANTI,112.0
2004,JACKSON,180.0
2004,KANABEC,94.0
2004,KANDIYOHI,155.0
2004,LAC QUI PARLE,150.0
2004,LE SUEUR,172.0
2004,LINCOLN,142.0
2004,LYON,160.0
2004,MAHNOMEN,68.0
2004,MARTIN,192.0
2004,MCLEOD,156.0
2004,MEEKER,151.0
2004,MILLE LACS,122.0
2004,MORRISON,92.0
2004,MURRAY,159.0
2004,NICOLLET,173.0
2004,NOBLES,166.0
2004,NORMAN,89.0
2004,OTHER (COMBINED) COUNTIES,60.0
2004,OTHER (COMBINED) COUNTIES,67.7
2004,OTHER (COMBINED) COUNTIES,51.8
2004,OTHER (COMBINED) COUNTIES,78.5
2004,OTTER TAIL,118.0
2004,PINE,118.0
2004,PIPESTONE,143.0
2004,POLK,76.0
2004,POPE,135.0
2004,RED LAKE,49.0
2004,REDWOOD,171.0
2004,RENVILLE,164.0
2004,RICE,170.0
2004,ROCK,158.0
2004,SCOTT,170.0
2004,SHERBURNE,141.0
2004,SIBLEY,170.0
2004,STEARNS,144.0
2004,STEELE,169.0
2004,STEVENS,148.0
2004,SWIFT,142.0
2004,TODD,104.0
2004,TRAVERSE,149.0
2004,WADENA,93.0
2004,WASECA,180.0
2004,WASHINGTON,140.0
2004,WATONWAN,190.0
2004,WILKIN,127.0
2004,WRIGHT,147.0
2004,YELLOW MEDICINE,158.0
2005,ANOKA,96.0
2005,BECKER,125.0
2005,BENTON,142.0
2005,BIG STONE,169.0
2005,BLUE EARTH,184.0
2005,BROWN,176.0
2005,CARVER,171.0
2005,CASS,124.0
2005,CHIPPEWA,176.0
2005,CHISAGO,127.0
2005,CLAY,145.0
2005,CLEARWATER,91.0
2005,COTTONWOOD,184.0
2005,CROW WING,91.0
2005,DOUGLAS,160.0
2005,FARIBAULT,190.0
2005,FREEBORN,184.0
2005,GRANT,166.0
2005,HENNEPIN,156.0
2005,HUBBARD,156.0
2005,ISANTI,107.0
2005,JACKSON,186.0
2005,KANABEC,71.0
2005,KANDIYOHI,178.0
2005,LAC QUI PARLE,165.0
2005,LE SUEUR,160.0
2005,LINCOLN,176.0
2005,LYON,180.0
2005,MAHNOMEN,124.0
2005,MARSHALL,90.0
2005,MARTIN,190.0
2005,MCLEOD,181.0
2005,MEEKER,159.0
2005,MILLE LACS,114.0
2005,MORRISON,131.0
2005,MURRAY,182.0
2005,NICOLLET,174.0
2005,NOBLES,187.0
2005,NORMAN,131.0
2005,OTHER (COMBINED) COUNTIES,98.6
2005,OTHER (COMBINED) COUNTIES,94.6
2005,OTHER (COMBINED) COUNTIES,96.6
2005,OTHER (COMBINED) COUNTIES,0.0
2005,OTTER TAIL,139.0
2005,PINE,99.0
2005,PIPESTONE,176.0
2005,POLK,124.0
2005,POPE,165.0
2005,RED LAKE,118.0
2005,REDWOOD,183.0
2005,RENVILLE,183.0
2005,RICE,173.0
2005,ROCK,190.0
2005,ROSEAU,111.0
2005,SCOTT,163.0
2005,SHERBURNE,158.0
2005,SIBLEY,182.0
2005,STEARNS,144.0
2005,STEELE,182.0
2005,STEVENS,170.0
2005,SWIFT,180.0
2005,TODD,131.0
2005,TRAVERSE,160.0
2005,WADENA,148.0
2005,WASECA,187.0
2005,WASHINGTON,168.0
2005,WATONWAN,188.0
2005,WILKIN,142.0
2005,WRIGHT,152.0
2005,YELLOW MEDICINE,166.0
2006,ANOKA,98.0
2006,BECKER,126.0
2006,BENTON,110.0
2006,BIG STONE,155.0
2006,BLUE EARTH,175.0
2006,BROWN,173.0
2006,CARVER,163.0
2006,CHIPPEWA,167.0
2006,CHISAGO,113.0
2006,CLAY,124.0
2006,CLEARWATER,68.0
2006,COTTONWOOD,172.0
2006,CROW WING,67.0
2006,DOUGLAS,119.0
2006,FARIBAULT,180.0
2006,FREEBORN,173.0
2006,GRANT,146.0
2006,HENNEPIN,135.0
2006,ISANTI,102.0
2006,JACKSON,160.0
2006,KANABEC,78.0
2006,KANDIYOHI,160.0
2006,KITTSON,98.0
2006,LAC QUI PARLE,159.0
2006,LE SUEUR,170.0
2006,LINCOLN,151.0
2006,LYON,165.0
2006,MAHNOMEN,124.0
2006,MARSHALL,99.0
2006,MARTIN,181.0
2006,MCLEOD,176.0
2006,MEEKER,149.0
2006,MILLE LACS,91.0
2006,MORRISON,88.0
2006,MURRAY,165.0
2006,NICOLLET,180.0
2006,NOBLES,164.0
2006,NORMAN,123.0
2006,OTHER (COMBINED) COUNTIES,112.9
2006,OTHER (COMBINED) COUNTIES,116.7
2006,OTTER TAIL,124.0
2006,PENNINGTON,80.0
2006,PINE,97.0
2006,PIPESTONE,151.0
2006,POLK,102.0
2006,POPE,129.0
2006,RED LAKE,92.0
2006,REDWOOD,177.0
2006,RENVILLE,177.0
2006,RICE,169.0
2006,ROCK,166.0
2006,ROSEAU,94.0
2006,SCOTT,155.0
2006,SHERBURNE,140.0
2006,SIBLEY,181.0
2006,STEARNS,115.0
2006,STEELE,178.0
2006,STEVENS,161.0
2006,SWIFT,161.0
2006,TODD,91.0
2006,TRAVERSE,145.0
2006,WADENA,96.0
2006,WASECA,181.0
2006,WASHINGTON,138.0
2006,WATONWAN,178.0
2006,WILKIN,130.0
2006,WRIGHT,132.0
2006,YELLOW MEDICINE,156.0
2007,AITKIN,80.0
2007,ANOKA,100.0
2007,BECKER,119.0
2007,BENTON,67.0
2007,BIG STONE,128.0
2007,BLUE EARTH,157.0
2007,BROWN,157.0
2007,CARVER,142.0
2007,CHIPPEWA,144.0
2007,CHISAGO,92.0
2007,CLAY,127.0
2007,CLEARWATER,105.0
2007,COTTONWOOD,164.0
2007,CROW WING,59.0
2007,DOUGLAS,104.0
2007,FARIBAULT,176.0
2007,FREEBORN,173.0
2007,GRANT,132.0
2007,HENNEPIN,100.0
2007,ISANTI,86.0
2007,JACKSON,163.0
2007,KANABEC,71.0
2007,KANDIYOHI,138.0
2007,KITTSON,106.0
2007,LAC QUI PARLE,137.0
2007,LE SUEUR,144.0
2007,LINCOLN,153.0
2007,LYON,150.0
2007,MAHNOMEN,119.0
2007,MARSHALL,110.0
2007,MARTIN,165.0
2007,MCLEOD,139.9
2007,MEEKER,119.9
2007,MILLE LACS,67.0
2007,MORRISON,62.0
2007,MURRAY,153.0
2007,NICOLLET,145.0
2007,NOBLES,157.0
2007,NORMAN,124.0
2007,OTHER (COMBINED) COUNTIES,99.6
2007,OTTER TAIL,115.0
2007,PENNINGTON,101.0
2007,PINE,98.0
2007,PIPESTONE,140.0
2007,POLK,115.0
2007,POPE,124.0
2007,RED LAKE,116.0
2007,REDWOOD,156.0
2007,RENVILLE,145.1
2007,RICE,151.0
2007,ROCK,160.0
2007,ROSEAU,96.0
2007,SCOTT,122.0
2007,SHERBURNE,122.0
2007,SIBLEY,148.0
2007,STEARNS,96.0
2007,STEELE,175.0
2007,STEVENS,142.1
2007,SWIFT,137.0
2007,TODD,85.0
2007,TRAVERSE,130.0
2007,WADENA,117.0
2007,WASECA,155.0
2007,WASHINGTON,111.0
2007,WATONWAN,164.0
2007,WILKIN,113.0
2007,WRIGHT,102.0
2007,YELLOW MEDICINE,148.9
2008,ANOKA,117.0
2008,BENTON,136.0
2008,BIG STONE,156.0
2008,BLUE EARTH,175.0
2008,BROWN,180.0
2008,CARVER,167.0
2008,CHIPPEWA,156.0
2008,CHISAGO,135.0
2008,CLAY,147.0
2008,CLEARWATER,116.0
2008,COTTONWOOD,168.0
2008,DOUGLAS,138.0
2008,FARIBAULT,184.0
2008,FREEBORN,179.0
2008,GRANT,150.0
2008,HENNEPIN,143.0
2008,ISANTI,121.0
2008,JACKSON,170.0
2008,KANABEC,125.0
2008,KANDIYOHI,164.0
2008,KITTSON,115.0
2008,LAC QUI PARLE,134.0
2008,LE SUEUR,167.0
2008,LINCOLN,146.0
2008,LYON,157.0
2008,MARSHALL,109.0
2008,MARTIN,177.0
2008,MCLEOD,176.0
2008,MEEKER,165.0
2008,MILLE LACS,125.0
2008,MORRISON,126.0
2008,MURRAY,168.0
2008,NICOLLET,184.0
2008,NOBLES,171.0
2008,NORMAN,136.0
2008,OTHER (COMBINED) COUNTIES,122.0
2008,OTHER (COMBINED) COUNTIES,87.0
2008,OTTER TAIL,144.0
2008,PENNINGTON,115.0
2008,PINE,117.0
2008,PIPESTONE,160.0
2008,POPE,154.0
2008,RED LAKE,123.0
2008,REDWOOD,171.0
2008,RENVILLE,173.0
2008,RICE,169.0
2008,ROCK,180.0
2008,ROSEAU,102.0
2008,SCOTT,175.0
2008,SHERBURNE,167.0
2008,SIBLEY,185.0
2008,STEARNS,149.0
2008,STEELE,169.0
2008,STEVENS,154.0
2008,SWIFT,158.0
2008,TODD,120.0
2008,TRAVERSE,132.0
2008,WADENA,129.0
2008,WASECA,180.0
2008,WASHINGTON,152.0
2008,WATONWAN,173.0
2008,WILKIN,144.0
2008,WRIGHT,140.0
2008,YELLOW MEDICINE,143.0
2009,ANOKA,159.0
2009,BENTON,154.0
2009,BIG STONE,165.0
2009,BLUE EARTH,187.0
2009,BROWN,184.0
2009,CARVER,187.0
2009,CHIPPEWA,178.0
2009,CHISAGO,139.0
2009,CLAY,130.0
2009,COTTONWOOD,183.0
2009,CROW WING,143.0
2009,DOUGLAS,136.0
2009,FARIBAULT,190.0
2009,FREEBORN,177.0
2009,GRANT,158.0
2009,HENNEPIN,180.0
2009,ISANTI,140.0
2009,JACKSON,184.0
2009,KANABEC,125.0
2009,KANDIYOHI,186.0
2009,LAC QUI PARLE,176.0
2009,LE SUEUR,185.0
2009,LINCOLN,163.0
2009,LYON,174.0
2009,MAHNOMEN,115.0
2009,MARSHALL,115.0
2009,MARTIN,192.0
2009,MCLEOD,183.0
2009,MEEKER,175.0
2009,MILLE LACS,144.0
2009,MORRISON,149.0
2009,MURRAY,183.0
2009,NICOLLET,182.0
2009,NOBLES,180.0
2009,NORMAN,121.0
2009,OTHER (COMBINED) COUNTIES,109.0
2009,OTHER (COMBINED) COUNTIES,105.0
2009,OTTER TAIL,136.0
2009,PENNINGTON,79.0
2009,PINE,132.0
2009,PIPESTONE,168.0
2009,POLK,105.0
2009,POPE,155.0
2009,RED LAKE,117.0
2009,REDWOOD,187.0
2009,RENVILLE,184.0
2009,RICE,187.0
2009,ROCK,179.0
2009,ROSEAU,105.0
2009,SCOTT,193.0
2009,SHERBURNE,156.0
2009,SIBLEY,190.0
2009,STEARNS,167.0
2009,STEELE,184.0
2009,STEVENS,161.0
2009,SWIFT,173.0
2009,TODD,124.0
2009,TRAVERSE,159.0
2009,WADENA,129.0
2009,WASECA,186.0
2009,WASHINGTON,184.0
2009,WATONWAN,184.0
2009,WILKIN,119.0
2009,WRIGHT,176.0
2009,YELLOW MEDICINE,173.0
2010,AITKIN,140.0
2010,ANOKA,138.7
2010,BECKER,132.3
2010,BENTON,153.0
2010,BIG STONE,162.8
2010,BLUE EARTH,174.1
2010,BROWN,186.2
2010,CARLTON,107.1
2010,CARVER,186.0
2010,CHIPPEWA,180.8
2010,CHISAGO,152.7
2010,CLAY,147.0
2010,CLEARWATER,95.8
2010,COTTONWOOD,180.4
2010,CROW WING,134.7
2010,DOUGLAS,160.2
2010,FARIBAULT,178.8
2010,FREEBORN,183.1
2010,GRANT,172.7
2010,HENNEPIN,160.8
2010,ISANTI,137.6
2010,JACKSON,185.7
2010,KANABEC,149.6
2010,KANDIYOHI,175.5
2010,LAC QUI PARLE,172.9
2010,LE SUEUR,182.7
2010,LINCOLN,161.9
2010,LYON,168.6
2010,MAHNOMEN,139.0
2010,MARSHALL,129.9
2010,MARTIN,188.0
2010,MCLEOD,182.5
2010,MEEKER,178.1
2010,MILLE LACS,159.4
2010,MORRISON,159.1
2010,MURRAY,186.3
2010,NICOLLET,176.7
2010,NOBLES,179.8
2010,NORMAN,141.7
2010,OTHER (COMBINED) COUNTIES,153.8
2010,OTTER TAIL,158.3
2010,PENNINGTON,100.0
2010,PINE,140.5
2010,PIPESTONE,172.4
2010,POLK,143.1
2010,POPE,174.3
2010,RED LAKE,130.5
2010,REDWOOD,184.0
2010,RENVILLE,186.1
2010,RICE,191.0
2010,ROCK,189.2
2010,SCOTT,185.6
2010,SHERBURNE,158.8
2010,SIBLEY,189.3
2010,STEARNS,164.9
2010,STEELE,186.5
2010,STEVENS,179.7
2010,SWIFT,180.1
2010,TODD,142.7
2010,TRAVERSE,165.2
2010,WADENA,136.1
2010,WASECA,186.0
2010,WASHINGTON,162.0
2010,WATONWAN,183.1
2010,WILKIN,153.5
2010,WRIGHT,162.9
2010,YELLOW MEDICINE,173.8
2011,ANOKA,117.2
2011,BECKER,121.5
2011,BENTON,108.8
2011,BIG STONE,111.0
2011,BLUE EARTH,171.1
2011,BROWN,162.8
2011,CARVER,154.2
2011,CHIPPEWA,155.1
2011,CHISAGO,131.3
2011,CLAY,113.6
2011,CLEARWATER,104.2
2011,COTTONWOOD,164.4
2011,CROW WING,107.6
2011,DOUGLAS,123.3
2011,FARIBAULT,174.1
2011,FREEBORN,179.2
2011,GRANT,123.1
2011,HENNEPIN,141.8
2011,ISANTI,124.4
2011,JACKSON,161.3
2011,KANABEC,122.8
2011,KANDIYOHI,149.7
2011,LAC QUI PARLE,144.2
2011,LE SUEUR,158.2
2011,LINCOLN,145.7
2011,LYON,147.8
2011,MARSHALL,114.3
2011,MARTIN,173.6
2011,MCLEOD,146.1
2011,MEEKER,143.6
2011,MILLE LACS,99.1
2011,MORRISON,141.5
2011,MURRAY,166.4
2011,NICOLLET,160.4
2011,NOBLES,174.6
2011,NORMAN,117.8
2011,OTHER (COMBINED) COUNTIES,70.0
2011,OTHER (COMBINED) COUNTIES,127.3
2011,OTTER TAIL,132.7
2011,PINE,130.8
2011,PIPESTONE,152.2
2011,POLK,124.6
2011,POPE,136.7
2011,RED LAKE,120.7
2011,REDWOOD,149.1
2011,RENVILLE,146.4
2011,RICE,158.3
2011,ROCK,180.6
2011,ROSEAU,105.7
2011,SCOTT,161.6
2011,SHERBURNE,143.6
2011,SIBLEY,157.0
2011,STEARNS,136.4
2011,STEELE,169.5
2011,STEVENS,139.1
2011,SWIFT,154.1
2011,TODD,129.7
2011,TRAVERSE,111.5
2011,WADENA,125.4
2011,WASECA,175.9
2011,WASHINGTON,176.7
2011,WATONWAN,177.4
2011,WILKIN,120.7
2011,WRIGHT,146.3
2011,YELLOW MEDICINE,155.2
2012,ANOKA,129.8
2012,BECKER,139.3
2012,BENTON,153.2
2012,BIG STONE,162.9
2012,BLUE EARTH,170.5
2012,BROWN,158.4
2012,CARLTON,135.7
2012,CARVER,174.8
2012,CHIPPEWA,179.5
2012,CHISAGO,142.8
2012,CLAY,148.4
2012,CLEARWATER,105.0
2012,COTTONWOOD,156.7
2012,DOUGLAS,166.4
2012,FARIBAULT,177.0
2012,FREEBORN,173.1
2012,GRANT,183.0
2012,HENNEPIN,164.0
2012,ISANTI,131.0
2012,JACKSON,177.2
2012,KANABEC,124.5
2012,KANDIYOHI,186.2
2012,KITTSON,146.9
2012,LAC QUI PARLE,149.5
2012,LE SUEUR,162.1
2012,LINCOLN,143.8
2012,LYON,152.6
2012,MARSHALL,127.9
2012,MARTIN,170.7
2012,MCLEOD,179.6
2012,MEEKER,168.7
2012,MILLE LACS,146.0
2012,MORRISON,147.6
2012,MURRAY,150.7
2012,NICOLLET,160.1
2012,NOBLES,155.5
2012,NORMAN,121.8
2012,OTHER (COMBINED) COUNTIES,110.5
2012,OTHER (COMBINED) COUNTIES,130.0
2012,OTTER TAIL,150.1
2012,PINE,135.4
2012,PIPESTONE,143.6
2012,POLK,114.9
2012,POPE,174.9
2012,RED LAKE,132.5
2012,REDWOOD,164.1
2012,RENVILLE,173.6
2012,RICE,186.1
2012,ROCK,156.8
2012,ROSEAU,125.4
2012,SCOTT,166.1
2012,SHERBURNE,141.4
2012,SIBLEY,171.8
2012,STEARNS,166.6
2012,STEELE,176.8
2012,STEVENS,186.3
2012,SWIFT,182.8
2012,TODD,130.7
2012,TRAVERSE,181.9
2012,WADENA,129.8
2012,WASECA,180.1
2012,WASHINGTON,164.8
2012,WATONWAN,174.2
2012,WILKIN,166.2
2012,WRIGHT,167.1
2012,YELLOW MEDICINE,146.5
2013,AITKIN,74.2
2013,ANOKA,104.9
2013,BECKER,128.1
2013,BELTRAMI,126.7
2013,BENTON,94.7
2013,BIG STONE,143.1
2013,BLUE EARTH,185.2
2013,BROWN,170.8
2013,CARLTON,156.1
2013,CARVER,153.6
2013,CHIPPEWA,175.6
2013,CHISAGO,125.3
2013,CLAY,138.2
2013,COTTONWOOD,170.5
2013,DOUGLAS,141.0
2013,FARIBAULT,176.0
2013,FREEBORN,157.8
2013,GRANT,160.3
2013,HENNEPIN,154.7
2013,HUBBARD,146.2
2013,ISANTI,112.1
2013,JACKSON,175.2
2013,KANDIYOHI,168.8
2013,KOOCHICHING,143.0
2013,LAC QUI PARLE,169.7
2013,LE SUEUR,164.2
2013,LINCOLN,157.8
2013,LYON,150.1
2013,MAHNOMEN,131.8
2013,MARSHALL,130.8
2013,MARTIN,187.8
2013,MCLEOD,161.2
2013,MEEKER,154.4
2013,MILLE LACS,105.7
2013,MORRISON,87.4
2013,MURRAY,176.2
2013,NICOLLET,174.0
2013,NOBLES,168.8
2013,NORMAN,119.9
2013,OTHER (COMBINED) COUNTIES,81.1
2013,OTHER (COMBINED) COUNTIES,133.2
2013,OTHER (COMBINED) COUNTIES,115.0
2013,OTHER (COMBINED) COUNTIES,103.9
2013,OTTER TAIL,140.2
2013,PINE,125.5
2013,PIPESTONE,165.0
2013,POLK,120.4
2013,POPE,150.9
2013,RED LAKE,121.6
2013,REDWOOD,166.5
2013,RENVILLE,173.4
2013,RICE,168.5
2013,ROCK,180.1
2013,ROSEAU,139.0
2013,SCOTT,163.4
2013,SHERBURNE,132.3
2013,SIBLEY,160.9
2013,STEARNS,133.5
2013,STEELE,157.4
2013,STEVENS,158.7
2013,SWIFT,163.3
2013,TODD,94.5
2013,TRAVERSE,145.8
2013,WADENA,111.1
2013,WASECA,171.6
2013,WASHINGTON,129.0
2013,WATONWAN,189.9
2013,WILKIN,133.9
2013,WRIGHT,129.7
2013,YELLOW MEDICINE,171.7
2014,AITKIN,81.6
2014,ANOKA,109.0
2014,BECKER,116.2
2014,BENTON,90.3
2014,BIG STONE,155.0
2014,BLUE EARTH,158.2
2014,BROWN,168.2
2014,CARVER,123.4
2014,CHIPPEWA,164.4
2014,CHISAGO,113.7
2014,CLAY,131.4
2014,COTTONWOOD,175.7
2014,DOUGLAS,137.0
2014,FARIBAULT,164.4
2014,FREEBORN,167.3
2014,GRANT,144.9
2014,HENNEPIN,138.4
2014,ISANTI,98.2
2014,JACKSON,167.7
2014,KANABEC,118.2
2014,KANDIYOHI,150.3
2014,LAC QUI PARLE,167.3
2014,LE SUEUR,148.1
2014,LINCOLN,154.1
2014,LYON,152.4
2014,MAHNOMEN,122.4
2014,MARSHALL,119.2
2014,MARTIN,168.4
2014,MCLEOD,128.6
2014,MEEKER,145.4
2014,MILLE LACS,113.7
2014,MORRISON,117.3
2014,MURRAY,158.7
2014,NICOLLET,154.3
2014,NOBLES,157.2
2014,NORMAN,125.2
2014,OTHER (COMBINED) COUNTIES,108.0
2014,OTHER (COMBINED) COUNTIES,102.7
2014,OTTER TAIL,128.3
2014,PINE,97.3
2014,PIPESTONE,145.8
2014,POLK,127.0
2014,POPE,157.8
2014,REDWOOD,165.8
2014,RENVILLE,150.9
2014,RICE,157.1
2014,ROCK,155.0
2014,ROSEAU,110.3
2014,SCOTT,137.9
2014,SHERBURNE,128.8
2014,SIBLEY,135.7
2014,STEARNS,133.9
2014,STEELE,168.5
2014,STEVENS,164.3
2014,SWIFT,157.8
2014,TODD,100.4
2014,TRAVERSE,146.3
2014,WADENA,126.0
2014,WASECA,160.2
2014,WASHINGTON,155.7
2014,WATONWAN,186.3
2014,WILKIN,136.2
2014,WRIGHT,129.4
2014,YELLOW MEDICINE,153.6
2015,ANOKA,132.1
2015,BENTON,167.3
2015,BIG STONE,173.7
2015,BLUE EARTH,201.4
2015,BROWN,189.0
2015,CARVER,200.2
2015,CHIPPEWA,193.5
2015,CHISAGO,173.1
2015,CLAY,156.5
2015,COTTONWOOD,199.5
2015,CROW WING,114.9
2015,DOUGLAS,177.8
2015,FARIBAULT,207.4
2015,FREEBORN,201.8
2015,GRANT,176.0
2015,HENNEPIN,198.5
2015,HUBBARD,154.7
2015,ISANTI,157.7
2015,JACKSON,200.9
2015,KANDIYOHI,185.5
2015,LAC QUI PARLE,175.2
2015,LE SUEUR,201.2
2015,LINCOLN,180.7
2015,LYON,193.3
2015,MAHNOMEN,146.6
2015,MARSHALL,141.2
2015,MARTIN,203.4
2015,MCLEOD,192.0
2015,MEEKER,185.7
2015,MILLE LACS,171.4
2015,MORRISON,171.8
2015,MURRAY,199.5
2015,NICOLLET,206.8
2015,NOBLES,193.5
2015,NORMAN,161.3
2015,OTHER (COMBINED) COUNTIES,149.9
2015,OTHER (COMBINED) COUNTIES,157.4
2015,OTHER (COMBINED) COUNTIES,149.5
2015,OTTER TAIL,172.6
2015,PENNINGTON,130.9
2015,PINE,158.3
2015,PIPESTONE,191.9
2015,POLK,160.7
2015,POPE,177.9
2015,REDWOOD,197.6
2015,RENVILLE,190.8
2015,RICE,201.1
2015,ROCK,198.8
2015,ROSEAU,122.7
2015,SCOTT,191.5
2015,SHERBURNE,117.8
2015,SIBLEY,185.9
2015,ST. LOUIS,115.0
2015,STEARNS,171.9
2015,STEELE,201.4
2015,STEVENS,179.9
2015,SWIFT,181.8
2015,TODD,160.6
2015,TRAVERSE,175.9
2015,WADENA,136.2
2015,WASECA,199.2
2015,WASHINGTON,192.6
2015,WATONWAN,206.1
2015,WILKIN,168.4
2015,WRIGHT,183.5
2015,YELLOW MEDICINE,187.3
2016,AITKIN,113.5
2016,ANOKA,166.7
2016,BECKER,165.6
2016,BELTRAMI,150.3
2016,BENTON,169.3
2016,BIG STONE,188.1
2016,BLUE EARTH,190.7
2016,BROWN,191.2
2016,CARLTON,126.7
2016,CARVER,193.5
2016,CASS,150.3
2016,CHIPPEWA,199.6
2016,CHISAGO,144.6
2016,CLAY,181.7
2016,COTTONWOOD,200.3
2016,CROW WING,129.5
2016,DOUGLAS,188.7
2016,FARIBAULT,208.5
2016,FREEBORN,193.7
2016,GRANT,197.8
2016,HENNEPIN,186.6
2016,HUBBARD,180.4
2016,JACKSON,194.1
2016,KANABEC,165.4
2016,KANDIYOHI,196.4
2016,KITTSON,144.3
2016,LAC QUI PARLE,196.4
2016,LE SUEUR,196.2
2016,LINCOLN,203.6
2016,LYON,203.5
2016,MAHNOMEN,165.6
2016,MARSHALL,141.2
2016,MARTIN,207.6
2016,MCLEOD,187.3
2016,MEEKER,183.3
2016,MILLE LACS,173.4
2016,MORRISON,163.0
2016,MURRAY,200.4
2016,NICOLLET,209.4
2016,NOBLES,187.4
2016,NORMAN,167.2
2016,OTHER (COMBINED) COUNTIES,148.5
2016,OTHER (COMBINED) COUNTIES,146.2
2016,OTHER (COMBINED) COUNTIES,148.9
2016,OTTER TAIL,185.8
2016,PIPESTONE,199.5
2016,POLK,166.2
2016,POPE,194.4
2016,RED LAKE,171.4
2016,REDWOOD,202.8
2016,RENVILLE,198.8
2016,RICE,188.3
2016,ROCK,201.2
2016,SCOTT,195.2
2016,SHERBURNE,166.5
2016,SIBLEY,201.4
2016,ST. LOUIS,155.0
2016,STEARNS,186.0
2016,STEELE,201.4
2016,STEVENS,205.2
2016,SWIFT,199.9
2016,TODD,167.5
2016,TRAVERSE,194.7
2016,WADENA,148.3
2016,WASECA,204.6
2016,WASHINGTON,189.2
2016,WATONWAN,187.4
2016,WILKIN,183.9
2016,WRIGHT,183.1
2016,YELLOW MEDICINE,200.0
2017,ANOKA,153.3
2017,BENTON,153.9
2017,BIG STONE,178.8
2017,BLUE EARTH,209.5
2017,BROWN,196.9
2017,CARLTON,131.7
2017,CARVER,205.5
2017,CHIPPEWA,200.7
2017,CHISAGO,143.8
2017,CLAY,165.9
2017,COTTONWOOD,207.5
2017,CROW WING,147.6
2017,DOUGLAS,171.3
2017,FARIBAULT,215.3
2017,FREEBORN,211.5
2017,GRANT,190.2
2017,HENNEPIN,171.0
2017,ISANTI,157.6
2017,JACKSON,205.5
2017,KANDIYOHI,201.2
2017,KITTSON,133.1
2017,LAC QUI PARLE,189.0
2017,LE SUEUR,211.3
2017,LINCOLN,174.7
2017,LYON,183.0
2017,MAHNOMEN,153.2
2017,MARSHALL,122.6
2017,MARTIN,214.0
2017,MCLEOD,206.2
2017,MEEKER,186.7
2017,MILLE LACS,153.3
2017,MORRISON,167.3
2017,MURRAY,197.1
2017,NICOLLET,205.8
2017,NOBLES,193.4
2017,NORMAN,156.7
2017,OTHER (COMBINED) COUNTIES,155.2
2017,OTHER (COMBINED) COUNTIES,144.0
2017,OTTER TAIL,178.2
2017,PENNINGTON,119.2
2017,PIPESTONE,186.0
2017,POPE,186.5
2017,RED LAKE,139.9
2017,REDWOOD,200.9
2017,RENVILLE,207.1
2017,RICE,209.2
2017,ROCK,206.1
2017,ROSEAU,117.8
2017,SCOTT,200.1
2017,SHERBURNE,150.4
2017,SIBLEY,206.2
2017,STEARNS,177.7
2017,STEELE,214.8
2017,STEVENS,190.6
2017,SWIFT,190.3
2017,TODD,154.7
2017,TRAVERSE,185.2
2017,WADENA,164.1
2017,WASECA,215.0
2017,WASHINGTON,176.5
2017,WATONWAN,218.9
2017,WILKIN,182.3
2017,WRIGHT,182.6
2017,YELLOW MEDICINE,192.0
2018,AITKIN,90.4
2018,ANOKA,144.7
2018,BECKER,181.3
2018,BENTON,183.0
2018,BIG STONE,198.3
2018,BLUE EARTH,173.1
2018,BROWN,159.4
2018,CARLTON,148.6
2018,CARVER,178.7
2018,CHIPPEWA,184.3
2018,CHISAGO,158.9
2018,CLAY,184.6
2018,COTTONWOOD,173.7
2018,FARIBAULT,161.7
2018,FREEBORN,174.6
2018,HENNEPIN,188.1
2018,ISANTI,159.9
2018,JACKSON,167.0
2018,KANDIYOHI,196.4
2018,KITTSON,121.6
2018,LAC QUI PARLE,198.1
2018,LE SUEUR,184.1
2018,LYON,179.9
2018,MARTIN,160.7
2018,MCLEOD,183.2
2018,MORRISON,179.7
2018,MURRAY,169.3
2018,NICOLLET,186.0
2018,NOBLES,168.7
2018,OTHER (COMBINED) COUNTIES,184.3
2018,OTHER (COMBINED) COUNTIES,183.6
2018,OTHER (COMBINED) COUNTIES,165.5
2018,OTHER (COMBINED) COUNTIES,198.6
2018,OTHER (COMBINED) COUNTIES,176.8
2018,OTTER TAIL,190.0
2018,PINE,161.3
2018,POPE,196.7
2018,REDWOOD,166.7
2018,RENVILLE,179.7
2018,RICE,180.1
2018,ROCK,181.4
2018,ROSEAU,131.2
2018,SIBLEY,178.2
2018,STEARNS,183.6
2018,STEELE,192.2
2018,STEVENS,200.7
2018,SWIFT,201.6
2018,TODD,148.1
2018,TRAVERSE,197.4
2018,WADENA,162.1
2018,WASECA,197.3
2018,WASHINGTON,206.9
2018,WATONWAN,150.2
2018,YELLOW MEDICINE,187.5
2019,BECKER,159.1
2019,BENTON,153.7
2019,BIG STONE,163.4
2019,BLUE EARTH,186.7
2019,BROWN,177.2
2019,CARVER,178.0
2019,CHIPPEWA,187.8
2019,CHISAGO,152.6
2019,CLAY,164.8
2019,CLEARWATER,172.7
2019,COTTONWOOD,155.1
2019,FARIBAULT,185.3
2019,FREEBORN,185.6
2019,GRANT,171.9
2019,HENNEPIN,140.4
2019,ISANTI,144.9
2019,JACKSON,156.1
2019,KITTSON,123.7
2019,LAC QUI PARLE,180.0
2019,LINCOLN,146.0
2019,LYON,171.2
2019,MARSHALL,145.9
2019,MARTIN,171.5
2019,MCLEOD,187.5
2019,MEEKER,164.6
2019,MILLE LACS,147.7
2019,MORRISON,140.5
2019,MURRAY,149.6
2019,NICOLLET,196.1
2019,NOBLES,149.5
2019,OTHER (COMBINED) COUNTIES,183.2
2019,OTHER (COMBINED) COUNTIES,171.6
2019,OTHER (COMBINED) COUNTIES,148.0
2019,OTHER (COMBINED) COUNTIES,148.5
2019,OTHER (COMBINED) COUNTIES,173.9
2019,OTTER TAIL,178.9
2019,PINE,137.6
2019,PIPESTONE,133.9
2019,POPE,180.4
2019,REDWOOD,181.2
2019,RENVILLE,188.1
2019,ROCK,149.4
2019,ROSEAU,149.7
2019,SHERBURNE,175.0
2019,SIBLEY,187.2
2019,STEARNS,169.2
2019,STEELE,173.2
2019,STEVENS,177.4
2019,SWIFT,175.3
2019,TODD,151.9
2019,TRAVERSE,147.9
2019,WADENA,172.2
2019,WASECA,182.8
2019,WASHINGTON,199.3
2019,WATONWAN,171.2
2019,YELLOW MEDICINE,173.0
2020,AITKIN,134.6
2020,ANOKA,152.4
2020,BECKER,154.6
2020,BELTRAMI,121.6
2020,BENTON,186.2
2020,BIG STONE,185.1
2020,BLUE EARTH,198.1
2020,BROWN,203.7
2020,CARVER,200.1
2020,CASS,152.8
2020,CHISAGO,171.3
2020,CLAY,165.8
2020,CLEARWATER,153.8
2020,COTTONWOOD,204.1
2020,CROW WING,145.4
2020,DOUGLAS,184.4
2020,FARIBAULT,214.9
2020,FREEBORN,202.0
2020,GRANT,176.1
2020,HENNEPIN,196.7
2020,HUBBARD,129.6
2020,ISANTI,154.1
2020,ITASCA,118.9
2020,JACKSON,196.1
2020,KANDIYOHI,192.2
2020,KITTSON,124.9
2020,LAC QUI PARLE,182.4
2020,LE SUEUR,199.0
2020,LINCOLN,182.1
2020,LYON,205.2
2020,MAHNOMEN,148.9
2020,MARSHALL,122.2
2020,MARTIN,203.5
2020,MCLEOD,184.7
2020,MEEKER,187.3
2020,MILLE LACS,152.6
2020,MORRISON,177.2
2020,MURRAY,194.4
2020,NICOLLET,205.9
2020,NOBLES,185.0
2020,NORMAN,149.3
2020,OTTER TAIL,177.4
2020,PINE,163.2
2020,PIPESTONE,189.2
2020,POLK,141.1
2020,POPE,179.6
2020,RED LAKE,143.7
2020,REDWOOD,201.7
2020,RENVILLE,198.4
2020,RICE,195.2
2020,ROCK,195.3
2020,ROSEAU,124.5
2020,SCOTT,198.8
2020,SHERBURNE,179.9
2020,SIBLEY,198.4
2020,STEARNS,186.3
2020,STEELE,202.0
2020,STEVENS,188.7
2020,SWIFT,193.2
2020,TODD,161.3
2020,TRAVERSE,176.0
2020,WADENA,164.3
2020,WASECA,204.4
2020,WASHINGTON,195.7
2020,WATONWAN,208.1
2020,WILKIN,155.3
2020,WRIGHT,202.1
2020,YELLOW MEDICINE,178.0
2021,AITKIN,95.0
2021,ANOKA,112.2
2021,BECKER,152.5
2021,BELTRAMI,78.5
2021,BENTON,132.1
2021,BIG STONE,182.9
2021,BLUE EARTH,201.5
2021,BROWN,188.3
2021,CARVER,186.8
2021,CHIPPEWA,190.1
2021,CHISAGO,145.9
2021,CLAY,156.3
2021,CLEARWATER,99.4
2021,COTTONWOOD,195.0
2021,CROW WING,95.7
2021,DOUGLAS,139.7
2021,FARIBAULT,192.8
2021,FREEBORN,208.1
2021,GRANT,180.7
2021,HENNEPIN,156.8
2021,HUBBARD,153.5
2021,ISANTI,121.5
2021,ITASCA,90.8
2021,JACKSON,190.9
2021,KANABEC,110.6
2021,LE SUEUR,204.8
2021,LINCOLN,162.2
2021,LYON,163.9
2021,MAHNOMEN,107.1
2021,MARSHALL,100.5
2021,MARTIN,195.3
2021,MCLEOD,194.4
2021,MEEKER,155.9
2021,MILLE LACS,109.3
2021,MORRISON,111.1
2021,MURRAY,197.8
2021,NICOLLET,209.5
2021,NOBLES,203.3
2021,NORMAN,106.2
2021,OTTER TAIL,140.9
2021,PINE,136.7
2021,PIPESTONE,183.5
2021,POLK,101.8
2021,POPE,143.6
2021,RED LAKE,90.4
2021,REDWOOD,173.0
2021,RENVILLE,177.2
2021,RICE,197.2
2021,ROCK,207.9
2021,ROSEAU,83.3
2021,SCOTT,201.0
2021,SHERBURNE,168.3
2021,SIBLEY,203.9
2021,STEARNS,149.0
2021,STEELE,206.2
2021,STEVENS,174.7
2021,TODD,131.1
2021,TRAVERSE,180.5
2021,WADENA,140.7
2021,WASECA,213.7
2021,WASHINGTON,153.6
2021,WATONWAN,210.1
2021,WILKIN,151.5
2021,WRIGHT,144.8
